stations,full_timetable
"{'Златоуст (1)': ['0', '38', '38', '25', '29', '7', '10'], 'Кыштым (2)': ['26', '0', '7', '34', '20', '27', '35'], 'Миасс (3)': ['15', '5', '0', '27', '16', '31', '24'], 'Муслюмово (4)': ['12', '39', '1', '0', '2', '14', '20'], 'Челябинск (5)': ['38', '38', '1', '28', '0', '33', '14'], 'Полетаево (6)': ['21', '27', '24', '9', '1', '0', '3'], 'Еманжелинск (7)': ['9', '3', '23', '25', '32', '37', '0']}","{'853': {'route': ['1', '3', '2'], 'free_carriage': ['21', '21'], 'timetable': ['02:00 - 02:38', '04:48 - 06:11', '13:35 - 13:58']}, '801': {'route': ['1', '3', '2'], 'free_carriage': ['34', '10'], 'timetable': ['03:24 - 04:22', '06:32 - 07:06', '14:30 - 15:39']}, '563': {'route': ['1', '3', '6', '5', '4'], 'free_carriage': ['33', '20', '35', '3'], 'timetable': ['03:43 - 04:26', '06:36 - 08:04', '11:42 - 11:59', '13:21 - 14:32', '16:42 - 17:34']}, '182': {'route': ['1', '3', '6', '5', '7'], 'free_carriage': ['15', '18', '13', '36'], 'timetable': ['02:44 - 03:14', '05:24 - 05:56', '09:34 - 11:00', '12:22 - 13:05', '15:43 - 16:34']}, '643': {'route': ['1', '3', '6', '5', '7'], 'free_carriage': ['18', '1', '13', '21'], 'timetable': ['03:23 - 03:48', '05:58 - 07:21', '10:59 - 11:20', '12:42 - 13:03', '15:41 - 16:15']}, '743': {'route': ['2', '3', '1'], 'free_carriage': ['8', '33'], 'timetable': ['01:00 - 02:01', '09:25 - 10:35', '12:45 - 13:00']}, '399': {'route': ['2', '3', '6', '5'], 'free_carriage': ['12', '37', '16'], 'timetable': ['02:00 - 02:33', '09:57 - 11:01', '14:39 - 15:16', '16:38 - 16:57']}, '930': {'route': ['2', '3', '6', '5', '7'], 'free_carriage': ['22', '22', '24', '11'], 'timetable': ['01:48 - 02:10', '09:34 - 10:16', '13:54 - 14:54', '16:16 - 17:19', '19:57 - 20:31']}, '658': {'route': ['2', '3', '6', '5', '7'], 'free_carriage': ['26', '13', '24', '37'], 'timetable': ['01:31 - 03:01', '10:25 - 11:53', '15:31 - 16:30', '17:52 - 18:15', '20:53 - 22:16']}, '332': {'route': ['2', '3', '6', '7'], 'free_carriage': ['32', '9', '31'], 'timetable': ['02:51 - 03:28', '10:52 - 12:14', '15:52 - 17:22', '18:28 - 18:44']}, '617': {'route': ['2', '3', '6', '7'], 'free_carriage': ['37', '30', '7'], 'timetable': ['01:42 - 03:03', '10:27 - 11:26', '15:04 - 15:20', '16:26 - 17:30']}, '967': {'route': ['3', '2', '4'], 'free_carriage': ['23', '5'], 'timetable': ['02:00 - 03:01', '10:25 - 10:42', '18:42 - 20:09']}, '692': {'route': ['3', '2', '4'], 'free_carriage': ['26', '23'], 'timetable': ['03:32 - 03:59', '11:23 - 12:07', '20:07 - 21:22']}, '140': {'route': ['3', '2', '4', '5'], 'free_carriage': ['6', '30', '14'], 'timetable': ['03:48 - 04:36', '12:00 - 12:19', '20:19 - 21:30', '23:40 - 00:42']}, '328': {'route': ['4', '2'], 'free_carriage': ['18'], 'timetable': ['02:00 - 02:21', '10:21 - 11:41']}, '942': {'route': ['4', '2', '3'], 'free_carriage': ['2', '35'], 'timetable': ['03:52 - 05:05', '13:05 - 13:33', '20:57 - 21:35']}, '275': {'route': ['4', '2', '3'], 'free_carriage': ['8', '30'], 'timetable': ['03:54 - 05:09', '13:09 - 13:48', '21:12 - 21:37']}, '432': {'route': ['4', '2', '3'], 'free_carriage': ['23', '28'], 'timetable': ['03:46 - 04:06', '12:06 - 13:25', '20:49 - 21:35']}, '371': {'route': ['4', '5'], 'free_carriage': ['12'], 'timetable': ['03:52 - 04:27', '06:37 - 07:24']}, '323': {'route': ['4', '5', '6', '7'], 'free_carriage': ['25', '32', '1'], 'timetable': ['02:42 - 03:19', '05:29 - 06:45', '08:07 - 08:55', '10:01 - 10:56']}, '200': {'route': ['4', '5', '6', '7'], 'free_carriage': ['34', '18', '17'], 'timetable': ['03:45 - 05:08', '07:18 - 07:42', '09:04 - 09:19', '10:25 - 11:13']}, '500': {'route': ['4', '5', '7'], 'free_carriage': ['4', '6'], 'timetable': ['02:45 - 04:08', '06:18 - 07:06', '09:44 - 11:07']}, '177': {'route': ['4', '5', '7'], 'free_carriage': ['21', '14'], 'timetable': ['03:11 - 04:24', '06:34 - 07:54', '10:32 - 11:41']}, '223': {'route': ['5', '4'], 'free_carriage': ['8'], 'timetable': ['02:00 - 03:23', '05:33 - 06:02']}, '901': {'route': ['5', '4', '2', '3', '1'], 'free_carriage': ['16', '12', '27', '25'], 'timetable': ['03:39 - 05:02', '07:12 - 08:30', '16:30 - 16:51', '00:15 - 01:24', '03:34 - 04:24']}, '405': {'route': ['5', '4', '2', '3', '1'], 'free_carriage': ['24', '28', '30', '24'], 'timetable': ['03:36 - 04:35', '06:45 - 07:06', '15:06 - 16:18', '23:42 - 00:01', '02:11 - 03:00']}, '722': {'route': ['5', '6', '3', '1'], 'free_carriage': ['1', '37', '2'], 'timetable': ['03:55 - 04:32', '05:54 - 06:48', '10:26 - 11:36', '13:46 - 14:40']}, '232': {'route': ['5', '6', '3', '2'], 'free_carriage': ['15', '33', '32'], 'timetable': ['03:05 - 04:09', '05:31 - 05:49', '09:27 - 09:55', '17:19 - 18:01']}, '774': {'route': ['5', '6', '3', '2'], 'free_carriage': ['27', '13', '17'], 'timetable': ['02:30 - 03:45', '05:07 - 06:30', '10:08 - 10:50', '18:14 - 19:04']}, '444': {'route': ['5', '6', '3', '2'], 'free_carriage': ['35', '23', '4'], 'timetable': ['03:10 - 04:00', '05:22 - 05:45', '09:23 - 09:45', '17:09 - 18:13']}, '621': {'route': ['5', '6', '7'], 'free_carriage': ['15', '34'], 'timetable': ['03:39 - 05:04', '06:26 - 07:26', '08:32 - 09:16']}, '448': {'route': ['5', '6', '7'], 'free_carriage': ['37', '37'], 'timetable': ['03:16 - 03:51', '05:13 - 06:04', '07:10 - 08:39']}, '417': {'route': ['5', '7'], 'free_carriage': ['22'], 'timetable': ['02:52 - 03:32', '06:10 - 07:07']}, '222': {'route': ['5', '7'], 'free_carriage': ['25'], 'timetable': ['02:30 - 03:48', '06:26 - 07:24']}, '156': {'route': ['5', '7'], 'free_carriage': ['36'], 'timetable': ['03:59 - 04:24', '07:02 - 08:32']}, '719': {'route': ['7', '5'], 'free_carriage': ['21'], 'timetable': ['01:00 - 01:35', '04:13 - 04:34']}, '300': {'route': ['7', '5', '4'], 'free_carriage': ['1', '28'], 'timetable': ['02:15 - 03:14', '05:52 - 07:15', '09:25 - 09:44']}, '973': {'route': ['7', '5', '4'], 'free_carriage': ['24', '36'], 'timetable': ['02:22 - 03:44', '06:22 - 06:57', '09:07 - 09:48']}, '883': {'route': ['7', '5', '6', '3', '1'], 'free_carriage': ['5', '25', '11', '4'], 'timetable': ['02:26 - 03:15', '05:53 - 06:29', '07:51 - 08:47', '12:25 - 13:41', '15:51 - 17:02']}, '251': {'route': ['7', '5', '6', '3', '2'], 'free_carriage': ['11', '3', '10', '26'], 'timetable': ['01:36 - 02:46', '05:24 - 05:53', '07:15 - 07:37', '11:15 - 11:42', '19:06 - 19:27']}, '700': {'route': ['7', '6', '3', '1'], 'free_carriage': ['16', '29', '22'], 'timetable': ['02:38 - 03:23', '04:29 - 04:58', '08:36 - 09:31', '11:41 - 12:37']}, '324': {'route': ['7', '6', '5'], 'free_carriage': ['1', '30'], 'timetable': ['02:36 - 03:35', '04:41 - 05:11', '06:33 - 07:41']}, '331': {'route': ['7', '6', '5', '4'], 'free_carriage': ['39', '28', '5'], 'timetable': ['02:12 - 02:59', '04:05 - 04:38', '06:00 - 07:13', '09:23 - 10:00']}}"
"{'Златоуст (1)': ['0', '28', '24', '28', '8', '29', '3'], 'Кыштым (2)': ['10', '0', '32', '30', '9', '21', '10'], 'Миасс (3)': ['23', '16', '0', '29', '1', '9', '19'], 'Муслюмово (4)': ['15', '22', '35', '0', '25', '3', '9'], 'Челябинск (5)': ['12', '8', '4', '37', '0', '8', '7'], 'Полетаево (6)': ['1', '11', '14', '14', '30', '0', '17'], 'Еманжелинск (7)': ['24', '21', '29', '37', '35', '9', '0']}","{'896': {'route': ['1', '3', '2'], 'free_carriage': ['22', '8'], 'timetable': ['01:00 - 01:25', '03:35 - 04:20', '11:44 - 12:43']}, '228': {'route': ['1', '3', '2'], 'free_carriage': ['27', '36'], 'timetable': ['01:32 - 01:56', '04:06 - 05:06', '12:30 - 13:01']}, '758': {'route': ['1', '3', '6', '5', '4'], 'free_carriage': ['17', '28', '2', '36'], 'timetable': ['02:42 - 04:11', '06:21 - 07:51', '11:29 - 12:27', '13:49 - 14:38', '16:48 - 18:06']}, '346': {'route': ['1', '3', '6', '5', '7'], 'free_carriage': ['34', '10', '24', '17'], 'timetable': ['01:59 - 02:14', '04:24 - 05:06', '08:44 - 09:10', '10:32 - 11:24', '14:02 - 14:34']}, '194': {'route': ['2', '3', '1'], 'free_carriage': ['4', '26'], 'timetable': ['01:00 - 02:23', '09:47 - 10:14', '12:24 - 13:29']}, '553': {'route': ['2', '3', '6', '7'], 'free_carriage': ['20', '19', '2'], 'timetable': ['02:22 - 03:28', '10:52 - 11:46', '15:24 - 16:33', '17:39 - 19:01']}, '176': {'route': ['2', '4'], 'free_carriage': ['17'], 'timetable': ['02:20 - 03:27', '11:27 - 12:01']}, '363': {'route': ['5', '4', '2', '3'], 'free_carriage': ['9', '4', '15'], 'timetable': ['01:00 - 01:55', '04:05 - 04:52', '12:52 - 13:13', '20:37 - 21:53']}, '704': {'route': ['5', '7'], 'free_carriage': ['29'], 'timetable': ['02:06 - 03:16', '05:54 - 06:33']}, '937': {'route': ['7', '6', '3', '1'], 'free_carriage': ['29', '21', '5'], 'timetable': ['02:00 - 03:23', '04:29 - 05:49', '09:27 - 09:57', '12:07 - 12:54']}, '221': {'route': ['7', '6', '3', '2'], 'free_carriage': ['31', '25', '30'], 'timetable': ['03:46 - 04:45', '05:51 - 06:34', '10:12 - 10:46', '18:10 - 18:57']}}"
"{'Златоуст (1)': ['0', '25', '15', '6', '15', '25', '2'], 'Кыштым (2)': ['31', '0', '11', '29', '16', '0', '11'], 'Миасс (3)': ['14', '16', '0', '1', '33', '23', '9'], 'Муслюмово (4)': ['20', '6', '8', '0', '27', '30', '19'], 'Челябинск (5)': ['3', '3', '15', '23', '0', '2', '26'], 'Полетаево (6)': ['5', '4', '8', '29', '28', '0', '27'], 'Еманжелинск (7)': ['31', '6', '16', '26', '39', '0', '0']}","{'309': {'route': ['1', '3', '2'], 'free_carriage': ['36', '32'], 'timetable': ['02:00 - 02:21', '04:31 - 05:33', '12:57 - 13:31']}, '495': {'route': ['1', '3', '6', '5'], 'free_carriage': ['22', '31', '16'], 'timetable': ['03:18 - 04:25', '06:35 - 07:56', '11:34 - 12:40', '14:02 - 14:26']}, '480': {'route': ['1', '3', '6', '5', '7'], 'free_carriage': ['0', '28', '26', '10'], 'timetable': ['02:30 - 03:07', '05:17 - 06:10', '09:48 - 10:30', '11:52 - 13:01', '15:39 - 16:01']}, '487': {'route': ['1', '3', '6', '5', '7'], 'free_carriage': ['11', '25', '5', '34'], 'timetable': ['03:24 - 04:49', '06:59 - 07:48', '11:26 - 11:53', '13:15 - 13:49', '16:27 - 17:46']}, '192': {'route': ['2', '3', '6', '5', '7'], 'free_carriage': ['4', '17', '1', '10'], 'timetable': ['00:00 - 00:28', '07:52 - 08:37', '12:15 - 12:45', '14:07 - 15:37', '18:15 - 18:40']}, '426': {'route': ['2', '3', '6', '7'], 'free_carriage': ['9', '11', '19'], 'timetable': ['01:28 - 02:02', '09:26 - 10:13', '13:51 - 14:33', '15:39 - 17:05']}, '650': {'route': ['2', '4'], 'free_carriage': ['30'], 'timetable': ['01:27 - 02:34', '10:34 - 11:03']}, '946': {'route': ['3', '2', '4'], 'free_carriage': ['3', '39'], 'timetable': ['02:00 - 03:17', '10:41 - 11:09', '19:09 - 19:31']}, '800': {'route': ['3', '2', '4', '5'], 'free_carriage': ['37', '18', '31'], 'timetable': ['03:44 - 04:11', '11:35 - 12:55', '20:55 - 21:46', '23:56 - 00:14']}, '640': {'route': ['4', '5'], 'free_carriage': ['18'], 'timetable': ['02:00 - 03:11', '05:21 - 06:22']}, '865': {'route': ['4', '5', '6', '3', '1'], 'free_carriage': ['1', '35', '28', '9'], 'timetable': ['03:30 - 04:34', '06:44 - 07:01', '08:23 - 09:38', '13:16 - 13:45', '15:55 - 16:59']}, '912': {'route': ['4', '5', '6', '3', '1'], 'free_carriage': ['17', '16', '4', '14'], 'timetable': ['03:49 - 04:17', '06:27 - 06:55', '08:17 - 09:29', '13:07 - 14:31', '16:41 - 17:36']}, '420': {'route': ['4', '5', '6', '3', '1'], 'free_carriage': ['28', '28', '0', '19'], 'timetable': ['03:25 - 03:45', '05:55 - 06:36', '07:58 - 09:12', '12:50 - 13:17', '15:27 - 16:32']}, '377': {'route': ['5', '4', '2', '3', '1'], 'free_carriage': ['3', '1', '27', '22'], 'timetable': ['01:00 - 02:16', '04:26 - 05:10', '13:10 - 14:40', '22:04 - 22:59', '01:09 - 02:20']}, '452': {'route': ['5', '4', '2', '3', '1'], 'free_carriage': ['25', '16', '36', '39'], 'timetable': ['02:48 - 03:03', '05:13 - 06:39', '14:39 - 15:09', '22:33 - 23:42', '01:52 - 03:20']}, '252': {'route': ['5', '4', '2', '3', '1'], 'free_carriage': ['25', '39', '32', '36'], 'timetable': ['02:07 - 03:24', '05:34 - 06:15', '14:15 - 14:38', '22:02 - 22:23', '00:33 - 01:04']}, '379': {'route': ['5', '6', '7'], 'free_carriage': ['23', '24'], 'timetable': ['01:39 - 02:03', '03:25 - 04:19', '05:25 - 06:35']}, '209': {'route': ['7', '5', '6', '3', '1'], 'free_carriage': ['3', '17', '3', '13'], 'timetable': ['00:00 - 01:15', '03:53 - 05:20', '06:42 - 07:40', '11:18 - 12:47', '14:57 - 15:23']}, '633': {'route': ['7', '5', '6', '3', '1'], 'free_carriage': ['10', '11', '6', '19'], 'timetable': ['00:47 - 02:17', '04:55 - 05:56', '07:18 - 08:41', '12:19 - 12:39', '14:49 - 15:12']}, '892': {'route': ['7', '5', '6', '3', '1'], 'free_carriage': ['16', '16', '10', '19'], 'timetable': ['01:13 - 01:38', '04:16 - 05:10', '06:32 - 07:07', '10:45 - 11:35', '13:45 - 14:54']}, '132': {'route': ['7', '6', '3', '2'], 'free_carriage': ['35', '12', '27'], 'timetable': ['01:08 - 02:05', '03:11 - 04:05', '07:43 - 08:08', '15:32 - 16:14']}, '250': {'route': ['7', '6', '5', '4'], 'free_carriage': ['33', '34', '32'], 'timetable': ['01:28 - 02:24', '03:30 - 04:14', '05:36 - 06:01', '08:11 - 08:30']}}"
"{'Златоуст (1)': ['0', '32', '30', '13', '4', '8', '38'], 'Кыштым (2)': ['7', '0', '6', '8', '0', '27', '10'], 'Миасс (3)': ['8', '8', '0', '15', '20', '23', '39'], 'Муслюмово (4)': ['9', '29', '23', '0', '17', '16', '10'], 'Челябинск (5)': ['29', '23', '20', '7', '0', '35', '34'], 'Полетаево (6)': ['28', '5', '31', '26', '11', '0', '10'], 'Еманжелинск (7)': ['18', '15', '24', '17', '9', '28', '0']}","{'800': {'route': ['2', '3', '6', '5'], 'free_carriage': ['26', '12', '19'], 'timetable': ['01:00 - 01:19', '08:43 - 09:08', '12:46 - 13:04', '14:26 - 15:04']}, '798': {'route': ['2', '4'], 'free_carriage': ['9'], 'timetable': ['01:34 - 02:03', '10:03 - 10:41']}, '575': {'route': ['3', '2', '4', '5'], 'free_carriage': ['15', '12', '14'], 'timetable': ['00:00 - 00:48', '08:12 - 09:26', '17:26 - 18:55', '21:05 - 22:20']}, '516': {'route': ['4', '2'], 'free_carriage': ['26'], 'timetable': ['02:00 - 03:04', '11:04 - 11:24']}, '199': {'route': ['4', '2', '3'], 'free_carriage': ['4', '11'], 'timetable': ['04:00 - 04:43', '12:43 - 13:01', '20:25 - 21:41']}, '823': {'route': ['4', '2', '3'], 'free_carriage': ['21', '33'], 'timetable': ['03:34 - 04:00', '12:00 - 12:41', '20:05 - 21:13']}, '693': {'route': ['4', '5', '6', '3', '1'], 'free_carriage': ['3', '12', '3', '25'], 'timetable': ['02:48 - 03:40', '05:50 - 06:10', '07:32 - 08:46', '12:24 - 12:39', '14:49 - 16:01']}, '387': {'route': ['5', '4'], 'free_carriage': ['12'], 'timetable': ['00:00 - 00:48', '02:58 - 03:42']}, '452': {'route': ['5', '6', '3', '2'], 'free_carriage': ['24', '9', '25'], 'timetable': ['02:00 - 03:13', '05:51 - 07:07', '09:17 - 10:31']}, '501': {'route': ['7', '5', '6', '3', '2'], 'free_carriage': ['2', '16', '6', '18'], 'timetable': ['03:59 - 05:26', '08:04 - 08:42', '10:04 - 10:46', '14:24 - 15:15', '22:39 - 00:03']}, '346': {'route': ['7', '6', '3', '2'], 'free_carriage': ['7', '35', '9'], 'timetable': ['03:09 - 04:24', '05:30 - 06:02', '09:40 - 10:24', '17:48 - 18:06']}, '470': {'route': ['7', '6', '3', '2'], 'free_carriage': ['12', '8', '36'], 'timetable': ['03:58 - 05:28', '06:34 - 07:06', '10:44 - 11:40', '19:04 - 20:25']}, '252': {'route': ['7', '6', '5'], 'free_carriage': ['13', '26'], 'timetable': ['02:51 - 03:26', '04:32 - 05:07', '06:29 - 07:28']}}"
"{'Златоуст (1)': ['0', '10', '38', '16', '1', '35', '31'], 'Кыштым (2)': ['3', '0', '0', '1', '18', '36', '32'], 'Миасс (3)': ['35', '7', '0', '36', '13', '4', '39'], 'Муслюмово (4)': ['3', '3', '26', '0', '22', '38', '24'], 'Челябинск (5)': ['8', '22', '6', '30', '0', '21', '0'], 'Полетаево (6)': ['34', '0', '13', '12', '25', '0', '3'], 'Еманжелинск (7)': ['25', '13', '2', '7', '24', '1', '0']}","{'893': {'route': ['1', '3', '6', '5', '7'], 'free_carriage': ['1', '9', '33', '20'], 'timetable': ['01:00 - 01:49', '03:59 - 05:00', '08:38 - 09:05', '10:27 - 11:50', '14:28 - 15:57']}, '383': {'route': ['2', '3', '6', '7'], 'free_carriage': ['5', '11', '17'], 'timetable': ['00:00 - 00:21', '07:45 - 08:35', '12:13 - 13:19', '14:25 - 15:06']}, '758': {'route': ['2', '3', '6', '7'], 'free_carriage': ['29', '18', '19'], 'timetable': ['01:41 - 02:45', '10:09 - 11:13', '14:51 - 16:02', '17:08 - 17:45']}, '761': {'route': ['4', '5', '6', '3', '1'], 'free_carriage': ['38', '12', '37', '36'], 'timetable': ['02:00 - 03:02', '05:12 - 06:23', '07:45 - 08:49', '12:27 - 13:12', '15:22 - 15:49']}, '180': {'route': ['4', '5', '6', '7'], 'free_carriage': ['3', '12', '39'], 'timetable': ['04:00 - 05:22', '07:32 - 08:16', '09:38 - 10:07', '11:13 - 12:37']}, '227': {'route': ['4', '5', '6', '7'], 'free_carriage': ['27', '38', '18'], 'timetable': ['03:07 - 04:16', '06:26 - 07:23', '08:45 - 09:39', '10:45 - 11:12']}, '608': {'route': ['5', '4'], 'free_carriage': ['11'], 'timetable': ['00:00 - 00:45', '02:55 - 03:44']}, '866': {'route': ['5', '6', '3', '2'], 'free_carriage': ['14', '22', '4'], 'timetable': ['01:21 - 02:19', '03:41 - 04:30', '08:08 - 09:21', '16:45 - 17:08']}, '800': {'route': ['7', '6', '5', '4'], 'free_carriage': ['29', '30', '39'], 'timetable': ['01:00 - 01:18', '02:24 - 03:50', '05:12 - 05:53', '08:03 - 09:04']}}"
"{'Златоуст (1)': ['0', '18', '6', '39', '21', '39', '7'], 'Кыштым (2)': ['16', '0', '36', '21', '17', '36', '14'], 'Миасс (3)': ['15', '2', '0', '17', '29', '28', '5'], 'Муслюмово (4)': ['8', '39', '39', '0', '30', '27', '10'], 'Челябинск (5)': ['2', '0', '35', '14', '0', '33', '29'], 'Полетаево (6)': ['6', '35', '6', '5', '34', '0', '6'], 'Еманжелинск (7)': ['39', '32', '27', '21', '9', '2', '0']}","{'369': {'route': ['1', '3', '2'], 'free_carriage': ['22', '7'], 'timetable': ['00:00 - 00:15', '02:25 - 03:30', '10:54 - 11:37']}, '107': {'route': ['1', '3', '2'], 'free_carriage': ['30', '16'], 'timetable': ['01:34 - 02:24', '04:34 - 04:51', '12:15 - 13:13']}, '637': {'route': ['1', '3', '6', '5'], 'free_carriage': ['12', '36', '21'], 'timetable': ['00:40 - 01:56', '04:06 - 05:19', '08:57 - 09:29', '10:51 - 11:28']}, '252': {'route': ['1', '3', '6', '7'], 'free_carriage': ['1', '2', '16'], 'timetable': ['01:10 - 02:36', '04:46 - 05:58', '09:36 - 10:15', '11:21 - 11:43']}, '520': {'route': ['1', '3', '6', '7'], 'free_carriage': ['16', '23', '28'], 'timetable': ['00:46 - 01:58', '04:08 - 05:10', '08:48 - 10:00', '11:06 - 12:09']}, '949': {'route': ['2', '3', '1'], 'free_carriage': ['6', '36'], 'timetable': ['02:00 - 02:31', '09:55 - 11:03', '13:13 - 14:11']}, '411': {'route': ['2', '3', '1'], 'free_carriage': ['16', '4'], 'timetable': ['03:03 - 04:29', '11:53 - 12:45', '14:55 - 15:18']}, '605': {'route': ['2', '3', '6', '5'], 'free_carriage': ['23', '0', '25'], 'timetable': ['03:25 - 04:34', '11:58 - 12:33', '16:11 - 17:39', '19:01 - 19:32']}, '636': {'route': ['2', '3', '6', '5', '7'], 'free_carriage': ['29', '17', '23', '34'], 'timetable': ['02:35 - 03:47', '11:11 - 11:49', '15:27 - 16:23', '17:45 - 18:52', '21:30 - 22:46']}, '255': {'route': ['2', '3', '6', '7'], 'free_carriage': ['3', '8', '10'], 'timetable': ['03:06 - 03:33', '10:57 - 11:36', '15:14 - 16:25', '17:31 - 18:47']}, '583': {'route': ['2', '3', '6', '7'], 'free_carriage': ['5', '34', '14'], 'timetable': ['03:44 - 04:44', '12:08 - 12:44', '16:22 - 16:40', '17:46 - 19:16']}, '701': {'route': ['2', '3', '6', '7'], 'free_carriage': ['25', '4', '25'], 'timetable': ['03:59 - 05:08', '12:32 - 13:35', '17:13 - 18:13', '19:19 - 19:37']}, '413': {'route': ['2', '4'], 'free_carriage': ['25'], 'timetable': ['01:54 - 02:42', '03:48 - 04:49', '06:11 - 06:58', '09:08 - 09:24']}, '748': {'route': ['3', '2', '4', '5'], 'free_carriage': ['30', '9', '2'], 'timetable': ['01:00 - 02:29', '09:53 - 10:18', '18:18 - 19:47', '21:57 - 23:25']}, '995': {'route': ['4', '2'], 'free_carriage': ['23'], 'timetable': ['00:00 - 01:11', '09:11 - 10:22']}, '158': {'route': ['4', '2', '3'], 'free_carriage': ['11', '32'], 'timetable': ['00:47 - 01:21', '09:21 - 10:13', '17:37 - 18:03']}, '752': {'route': ['4', '2', '3'], 'free_carriage': ['34', '40'], 'timetable': ['00:45 - 01:26', '09:26 - 10:44', '18:08 - 19:02']}, '771': {'route': ['4', '2', '3'], 'free_carriage': ['39', '15'], 'timetable': ['01:05 - 01:50', '09:50 - 10:14', '17:38 - 19:07']}, '842': {'route': ['4', '5'], 'free_carriage': ['2'], 'timetable': ['00:55 - 02:04', '04:14 - 05:14']}, '975': {'route': ['4', '5', '6', '3', '1'], 'free_carriage': ['0', '36', '22', '15'], 'timetable': ['00:53 - 01:31', '03:41 - 04:17', '05:39 - 06:12', '09:50 - 10:23', '12:33 - 13:43']}, '228': {'route': ['4', '5', '6', '3', '1'], 'free_carriage': ['2', '39', '39', '30'], 'timetable': ['01:35 - 02:07', '04:17 - 05:31', '06:53 - 08:17', '11:55 - 12:39', '14:49 - 15:25']}, '567': {'route': ['4', '5', '6', '3', '1'], 'free_carriage': ['24', '9', '7', '26'], 'timetable': ['01:20 - 02:16', '04:26 - 05:50', '07:12 - 07:54', '11:32 - 12:04', '14:14 - 14:38']}, '210': {'route': ['4', '5', '6', '7'], 'free_carriage': ['33', '23', '0'], 'timetable': ['01:18 - 02:26', '04:36 - 05:10', '06:32 - 07:14', '08:20 - 08:42']}, '914': {'route': ['4', '5', '7'], 'free_carriage': ['33', '21'], 'timetable': ['00:38 - 01:04', '03:14 - 03:35', '06:13 - 06:41']}, '316': {'route': ['5', '4'], 'free_carriage': ['11'], 'timetable': ['01:00 - 01:51', '04:01 - 05:14']}, '509': {'route': ['5', '4'], 'free_carriage': ['33'], 'timetable': ['02:57 - 03:39', '05:49 - 07:14']}, '877': {'route': ['5', '4', '2', '3'], 'free_carriage': ['4', '2', '1'], 'timetable': ['01:50 - 02:46', '04:56 - 06:21', '14:21 - 15:12', '22:36 - 23:20']}, '403': {'route': ['5', '6', '7'], 'free_carriage': ['20', '3'], 'timetable': ['01:51 - 02:27', '03:49 - 04:10', '05:16 - 05:51']}, '667': {'route': ['5', '6', '7'], 'free_carriage': ['35', '18'], 'timetable': ['01:54 - 02:34', '03:56 - 05:05', '06:11 - 07:38']}, '559': {'route': ['5', '7'], 'free_carriage': ['7'], 'timetable': ['02:20 - 03:31', '06:09 - 07:35']}, '140': {'route': ['5', '7'], 'free_carriage': ['17'], 'timetable': ['02:54 - 03:20', '05:58 - 06:49']}, '349': {'route': ['5', '7'], 'free_carriage': ['18'], 'timetable': ['01:59 - 02:40', '05:18 - 05:53']}, '923': {'route': ['7', '5', '6', '3', '1'], 'free_carriage': ['18', '26', '24', '30'], 'timetable': ['01:00 - 01:51', '04:29 - 05:15', '06:37 - 07:14', '10:52 - 11:25', '13:35 - 14:20']}, '286': {'route': ['7', '5', '6', '3', '1'], 'free_carriage': ['38', '35', '32', '24'], 'timetable': ['01:49 - 02:05', '04:43 - 05:15', '06:37 - 07:25', '11:03 - 12:12', '14:22 - 15:49']}, '368': {'route': ['7', '5', '6', '3', '2'], 'free_carriage': ['15', '20', '1', '12'], 'timetable': ['02:59 - 03:44', '06:22 - 06:54', '08:16 - 09:30', '13:08 - 14:02', '21:26 - 22:39']}, '645': {'route': ['7', '6', '3', '2'], 'free_carriage': ['6', '23', '22'], 'timetable': ['01:36 - 01:53', '02:59 - 03:15', '06:53 - 07:30', '14:54 - 15:10']}, '912': {'route': ['7', '6', '5', '4'], 'free_carriage': ['29', '31', '1'], 'timetable': ['01:33 - 01:51', '02:57 - 03:44', '05:06 - 05:39', '07:49 - 08:05']}, '716': {'route': ['7', '6', '5', '4'], 'free_carriage': ['38', '10', '30'], 'timetable': ['02:08 - 03:15', '04:21 - 05:45', '07:07 - 08:25', '10:35 - 11:30']}}"
"{'Златоуст (1)': ['0', '29', '5', '30', '38', '6', '14'], 'Кыштым (2)': ['20', '0', '15', '5', '26', '39', '28'], 'Миасс (3)': ['13', '1', '0', '32', '11', '33', '14'], 'Муслюмово (4)': ['7', '16', '22', '0', '19', '9', '32'], 'Челябинск (5)': ['35', '14', '23', '5', '0', '37', '3'], 'Полетаево (6)': ['39', '24', '0', '7', '9', '0', '1'], 'Еманжелинск (7)': ['3', '35', '2', '18', '14', '30', '0']}","{'256': {'route': ['1', '3', '6', '5'], 'free_carriage': ['26', '4', '6'], 'timetable': ['01:00 - 01:40', '03:50 - 05:06', '08:44 - 09:06', '10:28 - 11:42']}, '332': {'route': ['1', '3', '6', '5', '7'], 'free_carriage': ['35', '11', '19', '3'], 'timetable': ['02:19 - 02:45', '04:55 - 05:52', '09:30 - 10:23', '11:45 - 13:03', '15:41 - 16:46']}, '411': {'route': ['1', '3', '6', '7'], 'free_carriage': ['6', '29', '7'], 'timetable': ['01:35 - 02:17', '04:27 - 04:53', '08:31 - 09:18', '10:24 - 11:00']}, '539': {'route': ['1', '3', '6', '7'], 'free_carriage': ['17', '28', '10'], 'timetable': ['02:14 - 02:47', '04:57 - 06:08', '09:46 - 11:09', '12:15 - 12:40']}, '378': {'route': ['2', '3', '1'], 'free_carriage': ['4', '39'], 'timetable': ['01:00 - 01:20', '08:44 - 09:46', '11:56 - 12:38']}, '719': {'route': ['2', '3', '1'], 'free_carriage': ['6', '37'], 'timetable': ['02:06 - 03:35', '10:59 - 11:33', '13:43 - 15:04']}, '776': {'route': ['2', '3', '6', '5'], 'free_carriage': ['15', '23', '5'], 'timetable': ['01:57 - 02:27', '09:51 - 10:35', '14:13 - 15:05', '16:27 - 17:11']}, '365': {'route': ['2', '3', '6', '5'], 'free_carriage': ['34', '28', '15'], 'timetable': ['02:41 - 03:16', '10:40 - 10:56', '14:34 - 15:01', '16:23 - 16:57']}, '377': {'route': ['2', '3', '6', '5', '7'], 'free_carriage': ['17', '39', '0', '28'], 'timetable': ['02:05 - 02:54', '10:18 - 11:29', '15:07 - 15:52', '17:14 - 18:09', '20:47 - 21:40']}, '419': {'route': ['2', '3', '6', '5', '7'], 'free_carriage': ['33', '10', '25', '30'], 'timetable': ['02:47 - 03:20', '10:44 - 11:05', '14:43 - 16:00', '17:22 - 17:56', '20:34 - 21:11']}, '356': {'route': ['2', '3', '6', '7'], 'free_carriage': ['20', '7', '13'], 'timetable': ['02:45 - 03:54', '11:18 - 12:18', '15:56 - 17:03', '18:09 - 19:13']}, '368': {'route': ['2', '4'], 'free_carriage': ['4'], 'timetable': ['02:01 - 02:30', '10:30 - 11:55']}, '531': {'route': ['2', '4'], 'free_carriage': ['4'], 'timetable': ['02:54 - 03:44', '11:44 - 12:59']}, '763': {'route': ['4', '2', '3'], 'free_carriage': ['34', '31'], 'timetable': ['01:00 - 01:35', '09:35 - 10:36', '18:00 - 19:10']}, '127': {'route': ['4', '5'], 'free_carriage': ['10'], 'timetable': ['02:40 - 03:04', '05:14 - 06:10']}, '945': {'route': ['4', '5'], 'free_carriage': ['22'], 'timetable': ['02:37 - 04:06', '06:16 - 07:22']}, '833': {'route': ['4', '5', '6', '3', '1'], 'free_carriage': ['13', '2', '8', '29'], 'timetable': ['02:26 - 03:09', '05:19 - 06:35', '07:57 - 09:06', '12:44 - 13:21', '15:31 - 16:58']}, '312': {'route': ['4', '5', '7'], 'free_carriage': ['0', '4'], 'timetable': ['02:42 - 03:28', '05:38 - 06:08', '08:46 - 09:27']}, '905': {'route': ['4', '5', '7'], 'free_carriage': ['26', '4'], 'timetable': ['02:50 - 04:15', '06:25 - 06:55', '09:33 - 10:44']}, '154': {'route': ['4', '5', '7'], 'free_carriage': ['34', '7'], 'timetable': ['02:15 - 02:51', '05:01 - 06:30', '09:08 - 10:33']}, '188': {'route': ['5', '4', '2', '3'], 'free_carriage': ['36', '34', '27'], 'timetable': ['01:00 - 01:29', '03:39 - 04:45', '12:45 - 13:30', '20:54 - 21:35']}, '642': {'route': ['5', '4', '2', '3', '1'], 'free_carriage': ['12', '9', '9', '18'], 'timetable': ['02:21 - 03:46', '05:56 - 06:35', '14:35 - 15:44', '23:08 - 23:51', '02:01 - 03:22']}, '992': {'route': ['5', '6', '3', '2'], 'free_carriage': ['2', '17', '25'], 'timetable': ['01:54 - 02:09', '03:31 - 04:13', '07:51 - 09:15', '16:39 - 16:59']}, '586': {'route': ['5', '6', '3', '2'], 'free_carriage': ['3', '0', '24'], 'timetable': ['02:22 - 03:18', '04:40 - 05:58', '09:36 - 11:01', '18:25 - 19:47']}, '958': {'route': ['5', '6', '3', '2'], 'free_carriage': ['13', '15', '9'], 'timetable': ['02:45 - 03:35', '04:57 - 05:41', '09:19 - 10:27', '17:51 - 19:14']}, '726': {'route': ['5', '6', '7'], 'free_carriage': ['35', '21'], 'timetable': ['01:33 - 02:16', '03:38 - 05:04', '06:10 - 06:46']}, '953': {'route': ['7', '5', '6', '3', '1'], 'free_carriage': ['32', '38', '4', '6'], 'timetable': ['00:00 - 01:27', '04:05 - 04:24', '05:46 - 07:06', '10:44 - 11:48', '13:58 - 14:45']}, '273': {'route': ['7', '5', '6', '3', '1'], 'free_carriage': ['40', '2', '8', '0'], 'timetable': ['00:33 - 01:31', '04:09 - 05:14', '06:36 - 07:54', '11:32 - 12:25', '14:35 - 15:37']}, '625': {'route': ['7', '5', '6', '3', '2'], 'free_carriage': ['1', '17', '34', '0'], 'timetable': ['00:47 - 01:31', '04:09 - 05:25', '06:47 - 08:07', '11:45 - 13:12', '20:36 - 21:57']}, '963': {'route': ['7', '5', '6', '3', '2'], 'free_carriage': ['14', '15', '8', '35'], 'timetable': ['01:45 - 02:51', '05:29 - 06:16', '07:38 - 08:30', '12:08 - 12:58', '20:22 - 21:46']}, '829': {'route': ['7', '6', '3', '2'], 'free_carriage': ['39', '17', '1'], 'timetable': ['01:12 - 02:10', '03:16 - 04:31', '08:09 - 08:53', '16:17 - 16:36']}, '752': {'route': ['7', '6', '5', '4'], 'free_carriage': ['38', '20', '7'], 'timetable': ['00:46 - 01:36', '02:42 - 03:22', '04:44 - 06:07', '08:17 - 08:55']}}"
"{'Златоуст (1)': ['0', '7', '31', '38', '13', '15', '12'], 'Кыштым (2)': ['38', '0', '35', '25', '38', '29', '12'], 'Миасс (3)': ['10', '34', '0', '0', '20', '0', '28'], 'Муслюмово (4)': ['2', '26', '12', '0', '28', '4', '1'], 'Челябинск (5)': ['37', '26', '33', '22', '0', '32', '2'], 'Полетаево (6)': ['16', '5', '39', '35', '0', '0', '36'], 'Еманжелинск (7)': ['33', '1', '12', '13', '4', '14', '0']}","{'388': {'route': ['1', '3', '2'], 'free_carriage': ['1', '15'], 'timetable': ['02:00 - 02:21', '04:31 - 05:59', '13:23 - 14:31']}, '491': {'route': ['1', '3', '6', '5'], 'free_carriage': ['20', '8', '25'], 'timetable': ['02:56 - 03:16', '05:26 - 06:38', '10:16 - 10:37', '11:59 - 12:45']}, '269': {'route': ['1', '3', '6', '5'], 'free_carriage': ['30', '35', '17'], 'timetable': ['02:51 - 04:07', '06:17 - 07:44', '11:22 - 12:35', '13:57 - 14:12']}, '360': {'route': ['1', '3', '6', '5', '7'], 'free_carriage': ['35', '8', '14', '38'], 'timetable': ['02:51 - 04:07', '06:17 - 07:43', '11:21 - 12:03', '13:25 - 13:50', '16:28 - 17:54']}, '773': {'route': ['2', '3', '1'], 'free_carriage': ['9', '36'], 'timetable': ['02:00 - 02:53', '10:17 - 11:38', '13:48 - 14:50']}, '771': {'route': ['2', '3', '1'], 'free_carriage': ['11', '0'], 'timetable': ['03:41 - 04:28', '11:52 - 12:11', '14:21 - 14:41']}, '445': {'route': ['2', '3', '6', '5', '7'], 'free_carriage': ['19', '33', '25', '38'], 'timetable': ['03:12 - 03:32', '10:56 - 11:18', '14:56 - 16:07', '17:29 - 18:11', '20:49 - 22:00']}, '205': {'route': ['2', '3', '6', '5', '7'], 'free_carriage': ['21', '28', '28', '29'], 'timetable': ['02:56 - 04:07', '11:31 - 12:16', '15:54 - 16:53', '18:15 - 18:51', '21:29 - 21:44']}, '687': {'route': ['2', '3', '6', '7'], 'free_carriage': ['26', '5', '38'], 'timetable': ['03:10 - 04:36', '12:00 - 12:59', '16:37 - 17:59', '19:05 - 19:49']}, '527': {'route': ['2', '3', '6', '7'], 'free_carriage': ['30', '33', '20'], 'timetable': ['03:32 - 03:57', '11:21 - 11:37', '15:15 - 16:29', '17:35 - 18:28']}, '699': {'route': ['2', '3', '6', '7'], 'free_carriage': ['37', '15', '32'], 'timetable': ['02:46 - 03:29', '10:53 - 11:38', '15:16 - 16:30', '17:36 - 19:03']}, '136': {'route': ['2', '4'], 'free_carriage': ['9'], 'timetable': ['02:42 - 03:53', '11:53 - 12:47']}, '886': {'route': ['2', '4'], 'free_carriage': ['9'], 'timetable': ['03:34 - 04:54', '12:54 - 13:52']}, '165': {'route': ['2', '4'], 'free_carriage': ['38'], 'timetable': ['02:35 - 03:06', '11:06 - 12:35']}, '619': {'route': ['3', '2', '4'], 'free_carriage': ['7', '11'], 'timetable': ['00:00 - 00:53', '08:17 - 08:52', '16:52 - 17:56']}, '194': {'route': ['3', '2', '4'], 'free_carriage': ['15', '31'], 'timetable': ['01:41 - 02:49', '10:13 - 10:44', '18:44 - 19:19']}, '737': {'route': ['4', '2'], 'free_carriage': ['37'], 'timetable': ['02:00 - 03:17', '11:17 - 12:41']}, '246': {'route': ['4', '2', '3'], 'free_carriage': ['23', '30'], 'timetable': ['02:43 - 04:00', '12:00 - 13:01', '20:25 - 21:38']}, '397': {'route': ['4', '2', '3'], 'free_carriage': ['27', '19'], 'timetable': ['02:49 - 03:57', '11:57 - 12:33', '19:57 - 20:41']}, '450': {'route': ['4', '5'], 'free_carriage': ['11'], 'timetable': ['03:52 - 05:12', '07:22 - 08:10']}, '358': {'route': ['4', '5', '6', '3', '1'], 'free_carriage': ['5', '14', '39', '30'], 'timetable': ['03:58 - 05:27', '07:37 - 08:44', '10:06 - 10:37', '14:15 - 15:31', '17:41 - 18:35']}, '140': {'route': ['4', '5', '6', '3', '1'], 'free_carriage': ['18', '10', '23', '17'], 'timetable': ['03:30 - 04:57', '07:07 - 08:06', '09:28 - 10:55', '14:33 - 15:18', '17:28 - 17:58']}, '611': {'route': ['4', '5', '6', '3', '1'], 'free_carriage': ['24', '34', '17', '22'], 'timetable': ['03:03 - 04:04', '06:14 - 07:22', '08:44 - 09:56', '13:34 - 13:53', '16:03 - 17:19']}, '725': {'route': ['5', '4'], 'free_carriage': ['21'], 'timetable': ['00:00 - 00:52', '03:02 - 04:27']}, '439': {'route': ['5', '6', '3', '2'], 'free_carriage': ['8', '2', '10'], 'timetable': ['01:18 - 01:35', '02:57 - 04:22', '08:00 - 08:38', '16:02 - 17:16']}, '565': {'route': ['5', '6', '3', '2'], 'free_carriage': ['21', '30', '33'], 'timetable': ['01:09 - 01:39', '03:01 - 04:25', '08:03 - 09:23', '16:47 - 17:31']}, '860': {'route': ['5', '6', '7'], 'free_carriage': ['17', '28'], 'timetable': ['00:51 - 01:21', '02:43 - 03:24', '04:30 - 05:40']}, '824': {'route': ['5', '7'], 'free_carriage': ['19'], 'timetable': ['01:51 - 02:51', '05:29 - 06:52']}, '965': {'route': ['5', '7'], 'free_carriage': ['22'], 'timetable': ['01:14 - 02:42', '05:20 - 06:07']}, '161': {'route': ['5', '7'], 'free_carriage': ['25'], 'timetable': ['00:30 - 00:58', '03:36 - 04:06']}, '424': {'route': ['7', '5'], 'free_carriage': ['39'], 'timetable': ['02:00 - 02:57', '05:35 - 06:04']}, '206': {'route': ['7', '5', '6', '3', '1'], 'free_carriage': ['7', '4', '25', '36'], 'timetable': ['03:14 - 03:59', '06:37 - 07:08', '08:30 - 09:41', '13:19 - 14:01', '16:11 - 16:59']}, '331': {'route': ['7', '5', '6', '3', '1'], 'free_carriage': ['18', '1', '24', '7'], 'timetable': ['02:31 - 02:51', '05:29 - 06:31', '07:53 - 09:01', '12:39 - 14:03', '16:13 - 17:18']}, '615': {'route': ['7', '5', '6', '3', '1'], 'free_carriage': ['30', '3', '6', '38'], 'timetable': ['03:06 - 04:05', '06:43 - 07:42', '09:04 - 10:18', '13:56 - 14:15', '16:25 - 17:38']}, '457': {'route': ['7', '5', '6', '3', '2'], 'free_carriage': ['9', '0', '19', '1'], 'timetable': ['02:35 - 03:18', '05:56 - 06:32', '07:54 - 08:27', '12:05 - 12:52', '20:16 - 20:32']}, '642': {'route': ['7', '5', '6', '3', '2'], 'free_carriage': ['32', '34', '27', '37'], 'timetable': ['02:34 - 02:53', '05:31 - 06:56', '08:18 - 08:47', '12:25 - 13:48', '21:12 - 22:18']}, '531': {'route': ['7', '6', '3', '1'], 'free_carriage': ['10', '38', '20'], 'timetable': ['02:49 - 03:07', '04:13 - 05:25', '09:03 - 09:59', '12:09 - 13:01']}, '137': {'route': ['7', '6', '3', '1'], 'free_carriage': ['35', '7', '36'], 'timetable': ['03:08 - 04:25', '05:31 - 06:04', '09:42 - 10:53', '13:03 - 13:30']}, '431': {'route': ['7', '6', '5'], 'free_carriage': ['7', '20'], 'timetable': ['03:32 - 04:26', '05:32 - 06:02', '07:24 - 08:30']}, '659': {'route': ['7', '6', '5'], 'free_carriage': ['13', '25'], 'timetable': ['03:48 - 04:37', '05:43 - 06:12', '07:34 - 08:12']}, '338': {'route': ['7', '6', '5'], 'free_carriage': ['24', '30'], 'timetable': ['03:28 - 03:55', '05:01 - 06:26', '07:48 - 08:13']}}"
"{'Златоуст (1)': ['0', '2', '20', '6', '29', '3', '16'], 'Кыштым (2)': ['14', '0', '33', '2', '2', '11', '11'], 'Миасс (3)': ['16', '18', '0', '28', '22', '1', '18'], 'Муслюмово (4)': ['22', '14', '8', '0', '36', '2', '13'], 'Челябинск (5)': ['0', '25', '37', '23', '0', '38', '28'], 'Полетаево (6)': ['21', '18', '3', '24', '18', '0', '39'], 'Еманжелинск (7)': ['34', '1', '30', '26', '13', '32', '0']}","{'900': {'route': ['1', '3', '2'], 'free_carriage': ['30', '22'], 'timetable': ['01:00 - 01:16', '03:26 - 04:19', '11:43 - 12:07']}, '637': {'route': ['1', '3', '6', '5', '4'], 'free_carriage': ['7', '21', '18', '9'], 'timetable': ['01:34 - 02:13', '04:23 - 05:28', '09:06 - 10:02', '11:24 - 11:57', '14:07 - 15:00']}, '789': {'route': ['1', '3', '6', '5', '4'], 'free_carriage': ['24', '4', '11', '20'], 'timetable': ['02:55 - 03:58', '06:08 - 07:25', '11:03 - 12:15', '13:37 - 14:00', '16:10 - 17:02']}, '258': {'route': ['1', '3', '6', '7'], 'free_carriage': ['3', '2', '4'], 'timetable': ['02:32 - 03:55', '06:05 - 06:43', '10:21 - 10:38', '11:44 - 12:49']}, '240': {'route': ['1', '3', '6', '7'], 'free_carriage': ['22', '23', '22'], 'timetable': ['01:44 - 01:59', '04:09 - 05:00', '08:38 - 09:55', '11:01 - 11:28']}, '259': {'route': ['2', '3', '1'], 'free_carriage': ['28', '22'], 'timetable': ['02:00 - 02:57', '10:21 - 11:51', '14:01 - 15:07']}, '797': {'route': ['3', '2', '4'], 'free_carriage': ['6', '11'], 'timetable': ['01:00 - 01:21', '08:45 - 09:12', '17:12 - 17:49']}, '857': {'route': ['3', '2', '4'], 'free_carriage': ['9', '30'], 'timetable': ['02:58 - 04:28', '11:52 - 12:27', '20:27 - 20:45']}, '759': {'route': ['4', '5', '6', '7'], 'free_carriage': ['36', '15', '15'], 'timetable': ['00:00 - 01:17', '03:27 - 04:45', '06:07 - 06:57', '08:03 - 08:54']}, '142': {'route': ['4', '5', '6', '7'], 'free_carriage': ['39', '34', '34'], 'timetable': ['01:25 - 02:16', '04:26 - 05:27', '06:49 - 07:10', '08:16 - 09:21']}, '436': {'route': ['5', '4'], 'free_carriage': ['19'], 'timetable': ['00:00 - 01:08', '03:18 - 04:29']}, '332': {'route': ['5', '4'], 'free_carriage': ['23'], 'timetable': ['00:55 - 01:36', '03:46 - 05:11']}, '703': {'route': ['5', '4'], 'free_carriage': ['34'], 'timetable': ['00:47 - 02:02', '04:12 - 05:16']}, '685': {'route': ['5', '4', '2', '3'], 'free_carriage': ['35', '0', '30'], 'timetable': ['01:27 - 02:24', '04:34 - 05:02', '13:02 - 14:27', '21:51 - 23:20']}, '974': {'route': ['7', '5', '4'], 'free_carriage': ['31', '12'], 'timetable': ['01:00 - 02:07', '04:45 - 05:34', '07:44 - 09:10']}, '695': {'route': ['7', '5', '6', '3', '2'], 'free_carriage': ['34', '0', '32', '34'], 'timetable': ['02:03 - 03:07', '05:45 - 06:29', '07:51 - 08:36', '12:14 - 13:35', '20:59 - 21:52']}, '368': {'route': ['7', '6', '3', '2'], 'free_carriage': ['3', '39', '13'], 'timetable': ['01:49 - 02:17', '03:23 - 04:15', '07:53 - 08:46', '16:10 - 17:05']}, '838': {'route': ['7', '6', '5'], 'free_carriage': ['28', '12'], 'timetable': ['01:36 - 02:07', '03:13 - 04:34', '05:56 - 06:33']}}"
"{'Златоуст (1)': ['0', '16', '8', '0', '17', '19', '7'], 'Кыштым (2)': ['9', '0', '25', '29', '37', '17', '21'], 'Миасс (3)': ['30', '29', '0', '20', '15', '39', '4'], 'Муслюмово (4)': ['18', '28', '1', '0', '10', '6', '0'], 'Челябинск (5)': ['3', '38', '1', '35', '0', '6', '34'], 'Полетаево (6)': ['1', '10', '14', '0', '23', '0', '31'], 'Еманжелинск (7)': ['39', '13', '12', '33', '4', '8', '0']}","{'183': {'route': ['1', '3', '6', '5'], 'free_carriage': ['17', '37', '19'], 'timetable': ['00:00 - 00:45', '02:55 - 04:18', '07:56 - 09:24', '10:46 - 11:48']}, '473': {'route': ['2', '3', '6', '5', '7'], 'free_carriage': ['30', '29', '15', '10'], 'timetable': ['00:00 - 01:27', '08:51 - 09:59', '13:37 - 14:01', '15:23 - 15:51', '18:29 - 19:17']}, '782': {'route': ['3', '2', '4'], 'free_carriage': ['2', '33'], 'timetable': ['00:00 - 00:36', '08:00 - 09:26', '17:26 - 17:49']}, '148': {'route': ['3', '2', '4', '5'], 'free_carriage': ['30', '29', '35'], 'timetable': ['00:48 - 01:08', '08:32 - 08:54', '16:54 - 17:53', '20:03 - 20:33']}, '577': {'route': ['4', '2', '3'], 'free_carriage': ['3', '34'], 'timetable': ['01:00 - 01:33', '09:33 - 10:47', '18:11 - 19:41']}, '679': {'route': ['4', '2', '3'], 'free_carriage': ['32', '13'], 'timetable': ['02:19 - 03:34', '11:34 - 12:03', '19:27 - 20:28']}, '266': {'route': ['4', '2', '3'], 'free_carriage': ['35', '26'], 'timetable': ['01:50 - 02:52', '10:52 - 12:15', '19:39 - 20:27']}, '263': {'route': ['4', '5'], 'free_carriage': ['12'], 'timetable': ['02:35 - 03:07', '05:17 - 06:17']}, '510': {'route': ['4', '5', '6', '3', '1'], 'free_carriage': ['15', '36', '8', '17'], 'timetable': ['02:53 - 03:40', '05:50 - 07:10', '08:32 - 09:57', '13:35 - 14:39', '16:49 - 17:31']}, '831': {'route': ['4', '5', '6', '7'], 'free_carriage': ['16', '38', '38'], 'timetable': ['02:48 - 03:03', '05:13 - 06:09', '07:31 - 08:20', '09:26 - 10:08']}, '184': {'route': ['4', '5', '6', '7'], 'free_carriage': ['34', '33', '39'], 'timetable': ['02:47 - 03:07', '05:17 - 06:34', '07:56 - 08:39', '09:45 - 10:47']}, '871': {'route': ['5', '4'], 'free_carriage': ['11'], 'timetable': ['00:00 - 01:19', '03:29 - 04:09']}, '872': {'route': ['5', '4'], 'free_carriage': ['15'], 'timetable': ['01:45 - 02:22', '04:32 - 05:33']}, '491': {'route': ['5', '4'], 'free_carriage': ['22'], 'timetable': ['00:52 - 02:09', '04:19 - 05:22']}, '800': {'route': ['5', '4', '2', '3', '1'], 'free_carriage': ['6', '12', '7', '4'], 'timetable': ['00:53 - 01:31', '03:41 - 03:59', '11:59 - 12:36', '20:00 - 20:57', '23:07 - 23:52']}, '410': {'route': ['5', '4', '2', '3', '1'], 'free_carriage': ['34', '13', '2', '39'], 'timetable': ['00:36 - 01:33', '03:43 - 05:06', '13:06 - 14:13', '21:37 - 22:53', '01:03 - 01:51']}, '276': {'route': ['5', '6', '3', '1'], 'free_carriage': ['15', '26', '3'], 'timetable': ['00:51 - 02:17', '03:39 - 04:23', '08:01 - 08:56', '11:06 - 11:40']}, '678': {'route': ['5', '6', '7'], 'free_carriage': ['30', '14'], 'timetable': ['00:30 - 01:44', '03:06 - 04:09', '05:15 - 06:19']}, '161': {'route': ['5', '7'], 'free_carriage': ['35'], 'timetable': ['01:45 - 03:06', '05:44 - 06:17']}, '123': {'route': ['7', '5'], 'free_carriage': ['8'], 'timetable': ['00:00 - 00:56', '03:34 - 04:56']}, '346': {'route': ['7', '5'], 'free_carriage': ['23'], 'timetable': ['01:17 - 01:40', '04:18 - 04:35']}, '979': {'route': ['7', '5', '6', '3', '2'], 'free_carriage': ['7', '29', '24', '21'], 'timetable': ['01:56 - 02:33', '05:11 - 06:25', '07:47 - 08:14', '11:52 - 13:20', '20:44 - 21:18']}, '172': {'route': ['7', '5', '6', '3', '2'], 'free_carriage': ['40', '37', '14', '38'], 'timetable': ['02:00 - 03:30', '06:08 - 06:29', '07:51 - 08:54', '12:32 - 13:48', '21:12 - 22:32']}, '297': {'route': ['7', '6', '3', '1'], 'free_carriage': ['13', '7', '15'], 'timetable': ['00:42 - 01:20', '02:26 - 03:46', '07:24 - 08:12', '10:22 - 10:50']}, '212': {'route': ['7', '6', '3', '2'], 'free_carriage': ['23', '1', '11'], 'timetable': ['01:13 - 02:20', '03:26 - 04:04', '07:42 - 08:26', '15:50 - 16:49']}, '379': {'route': ['7', '6', '5'], 'free_carriage': ['4', '4'], 'timetable': ['00:34 - 01:07', '02:13 - 02:38', '04:00 - 05:25']}}"
"{'Златоуст (1)': ['0', '2', '1', '29', '13', '8', '23'], 'Кыштым (2)': ['20', '0', '9', '21', '4', '24', '27'], 'Миасс (3)': ['36', '36', '0', '3', '3', '12', '12'], 'Муслюмово (4)': ['11', '7', '1', '0', '30', '28', '26'], 'Челябинск (5)': ['33', '27', '18', '38', '0', '16', '18'], 'Полетаево (6)': ['38', '10', '12', '8', '8', '0', '38'], 'Еманжелинск (7)': ['25', '30', '14', '15', '11', '27', '0']}","{'667': {'route': ['1', '3', '2'], 'free_carriage': ['22', '28'], 'timetable': ['00:00 - 00:28', '02:38 - 03:38', '11:02 - 12:22']}, '247': {'route': ['1', '3', '6', '5'], 'free_carriage': ['28', '2', '23'], 'timetable': ['01:08 - 01:27', '03:37 - 04:41', '08:19 - 08:50', '10:12 - 10:58']}, '903': {'route': ['1', '3', '6', '5'], 'free_carriage': ['31', '27', '4'], 'timetable': ['01:50 - 03:07', '05:17 - 05:41', '09:19 - 10:04', '11:26 - 11:57']}, '111': {'route': ['1', '3', '6', '5', '4'], 'free_carriage': ['3', '14', '19', '36'], 'timetable': ['01:13 - 01:58', '04:08 - 04:50', '08:28 - 09:52', '11:14 - 11:42', '13:52 - 14:37']}, '451': {'route': ['1', '3', '6', '5', '7'], 'free_carriage': ['17', '18', '30', '6'], 'timetable': ['01:37 - 02:59', '05:09 - 06:18', '09:56 - 11:00', '12:22 - 13:35', '16:13 - 17:19']}, '227': {'route': ['1', '3', '6', '5', '7'], 'free_carriage': ['20', '2', '14', '1'], 'timetable': ['01:29 - 02:30', '04:40 - 06:01', '09:39 - 09:58', '11:20 - 12:19', '14:57 - 15:34']}, '815': {'route': ['2', '3', '6', '5'], 'free_carriage': ['24', '22', '23'], 'timetable': ['00:00 - 00:34', '07:58 - 09:18', '12:56 - 14:07', '15:29 - 16:25']}, '366': {'route': ['2', '3', '6', '5'], 'free_carriage': ['26', '15', '29'], 'timetable': ['01:07 - 01:44', '09:08 - 09:36', '13:14 - 14:09', '15:31 - 15:57']}, '859': {'route': ['2', '4'], 'free_carriage': ['25'], 'timetable': ['01:23 - 02:44', '10:44 - 12:14']}, '291': {'route': ['3', '2', '4'], 'free_carriage': ['8', '30'], 'timetable': ['00:00 - 00:36', '08:00 - 09:28', '17:28 - 18:26']}, '470': {'route': ['3', '2', '4'], 'free_carriage': ['22', '32'], 'timetable': ['00:40 - 01:26', '08:50 - 09:22', '17:22 - 18:13']}, '201': {'route': ['3', '2', '4', '5'], 'free_carriage': ['12', '6', '11'], 'timetable': ['00:36 - 02:01', '09:25 - 10:30', '18:30 - 19:33', '21:43 - 22:33']}, '602': {'route': ['3', '2', '4', '5'], 'free_carriage': ['19', '32', '9'], 'timetable': ['00:45 - 01:23', '08:47 - 10:09', '18:09 - 19:39', '21:49 - 23:16']}, '169': {'route': ['3', '2', '4', '5'], 'free_carriage': ['37', '1', '18'], 'timetable': ['01:06 - 02:03', '09:27 - 10:07', '18:07 - 18:54', '21:04 - 21:21']}, '352': {'route': ['4', '2'], 'free_carriage': ['14'], 'timetable': ['01:00 - 02:16', '10:16 - 10:44']}, '287': {'route': ['4', '2'], 'free_carriage': ['32'], 'timetable': ['02:18 - 03:09', '11:09 - 11:59']}, '351': {'route': ['4', '2'], 'free_carriage': ['34'], 'timetable': ['02:52 - 03:56', '11:56 - 13:02']}, '611': {'route': ['4', '5'], 'free_carriage': ['21'], 'timetable': ['02:35 - 03:44', '05:54 - 06:28']}, '761': {'route': ['4', '5', '7'], 'free_carriage': ['31', '38'], 'timetable': ['02:02 - 02:47', '04:57 - 05:29', '08:07 - 08:59']}, '442': {'route': ['4', '5', '7'], 'free_carriage': ['32', '0'], 'timetable': ['02:12 - 03:04', '05:14 - 06:36', '09:14 - 10:24']}, '284': {'route': ['5', '4'], 'free_carriage': ['2'], 'timetable': ['02:00 - 02:45', '04:55 - 05:12', '03:43 - 04:04', '06:14 - 07:04']}, '204': {'route': ['5', '4'], 'free_carriage': ['19'], 'timetable': ['02:33 - 02:52', '05:02 - 05:17']}, '233': {'route': ['5', '4', '2', '3'], 'free_carriage': ['11', '13', '36'], 'timetable': ['03:36 - 03:55', '06:05 - 06:23', '14:23 - 15:50', '23:14 - 00:07']}, '455': {'route': ['5', '4', '2', '3'], 'free_carriage': ['16', '28', '14'], 'timetable': ['03:03 - 04:14', '06:24 - 07:40', '15:40 - 17:06', '00:30 - 01:35']}, '383': {'route': ['5', '4', '2', '3'], 'free_carriage': ['28', '2', '27'], 'timetable': ['03:06 - 04:32', '06:42 - 07:36', '15:36 - 16:24', '23:48 - 01:03']}, '510': {'route': ['5', '4', '2', '3', '1'], 'free_carriage': ['5', '12', '10', '9'], 'timetable': ['03:17 - 04:06', '06:16 - 06:44', '14:44 - 15:09', '22:33 - 23:38', '01:48 - 02:19']}, '389': {'route': ['5', '6', '3', '1'], 'free_carriage': ['37', '26', '30'], 'timetable': ['03:03 - 03:25', '04:47 - 05:46', '09:24 - 10:40', '12:50 - 13:22']}, '478': {'route': ['5', '7'], 'free_carriage': ['18'], 'timetable': ['03:33 - 03:55', '06:33 - 07:41']}, '392': {'route': ['7', '5'], 'free_carriage': ['19'], 'timetable': ['02:00 - 03:15', '05:53 - 06:18']}, '754': {'route': ['7', '5'], 'free_carriage': ['32'], 'timetable': ['03:23 - 03:50', '06:28 - 07:20']}, '719': {'route': ['7', '5'], 'free_carriage': ['37'], 'timetable': ['03:17 - 04:19', '06:57 - 08:07']}, '852': {'route': ['7', '5', '4'], 'free_carriage': ['11', '25'], 'timetable': ['03:50 - 04:11', '06:49 - 08:03', '10:13 - 11:15']}, '304': {'route': ['7', '5', '4'], 'free_carriage': ['12', '4'], 'timetable': ['03:55 - 04:46', '07:24 - 07:57', '10:07 - 10:51']}, '974': {'route': ['7', '5', '4'], 'free_carriage': ['24', '32'], 'timetable': ['03:49 - 04:30', '07:08 - 07:35', '09:45 - 10:44']}, '804': {'route': ['7', '5', '6', '3', '1'], 'free_carriage': ['36', '34', '10', '4'], 'timetable': ['03:27 - 03:43', '06:21 - 07:04', '08:26 - 09:48', '13:26 - 14:25', '16:35 - 17:19']}, '610': {'route': ['7', '5', '6', '3', '2'], 'free_carriage': ['6', '33', '21', '19'], 'timetable': ['03:00 - 04:08', '06:46 - 08:13', '09:35 - 10:53', '14:31 - 15:02', '22:26 - 23:56']}, '654': {'route': ['7', '5', '6', '3', '2'], 'free_carriage': ['6', '40', '32', '3'], 'timetable': ['03:18 - 03:53', '06:31 - 06:57', '08:19 - 08:39', '12:17 - 13:30', '20:54 - 21:16']}, '552': {'route': ['7', '6', '3', '1'], 'free_carriage': ['26', '1', '20'], 'timetable': ['02:44 - 04:02', '05:08 - 06:13', '09:51 - 10:54', '13:04 - 13:35']}, '818': {'route': ['7', '6', '5'], 'free_carriage': ['10', '17'], 'timetable': ['02:48 - 03:47', '04:53 - 06:06', '07:28 - 08:22']}, '292': {'route': ['7', '6', '5', '4'], 'free_carriage': ['3', '27', '10'], 'timetable': ['03:11 - 04:23', '05:29 - 06:48', '08:10 - 09:30', '11:40 - 12:25']}}"
"{'Златоуст (1)': ['0', '7', '14', '20', '17', '2', '13'], 'Кыштым (2)': ['13', '0', '16', '39', '15', '30', '30'], 'Миасс (3)': ['1', '34', '0', '30', '37', '19', '11'], 'Муслюмово (4)': ['27', '28', '12', '0', '26', '31', '14'], 'Челябинск (5)': ['28', '39', '12', '16', '0', '21', '31'], 'Полетаево (6)': ['28', '19', '21', '7', '7', '0', '1'], 'Еманжелинск (7)': ['36', '2', '26', '23', '18', '36', '0']}","{'601': {'route': ['1', '3', '2'], 'free_carriage': ['22', '35'], 'timetable': ['02:00 - 02:22', '04:32 - 04:59', '12:23 - 13:41']}, '939': {'route': ['1', '3', '6', '5'], 'free_carriage': ['1', '21', '9'], 'timetable': ['03:58 - 05:06', '07:16 - 08:21', '11:59 - 12:49', '14:11 - 15:11']}, '284': {'route': ['1', '3', '6', '5'], 'free_carriage': ['18', '14', '11'], 'timetable': ['03:13 - 03:58', '06:08 - 06:59', '10:37 - 11:41', '13:03 - 13:36']}, '448': {'route': ['1', '3', '6', '5', '7'], 'free_carriage': ['17', '6', '12', '22'], 'timetable': ['03:55 - 04:20', '06:30 - 06:45', '10:23 - 11:21', '12:43 - 13:08', '15:46 - 16:05']}, '848': {'route': ['1', '3', '6', '5', '7'], 'free_carriage': ['39', '14', '25', '25'], 'timetable': ['03:03 - 04:01', '06:11 - 07:29', '11:07 - 12:36', '13:58 - 15:17', '17:55 - 18:39']}, '489': {'route': ['1', '3', '6', '7'], 'free_carriage': ['10', '23', '27'], 'timetable': ['02:57 - 03:44', '05:54 - 07:08', '10:46 - 11:17', '12:23 - 13:18']}, '802': {'route': ['1', '3', '6', '7'], 'free_carriage': ['14', '8', '34'], 'timetable': ['02:49 - 03:26', '05:36 - 06:42', '10:20 - 10:55', '12:01 - 12:44']}, '632': {'route': ['2', '3', '6', '5', '7'], 'free_carriage': ['19', '7', '6', '8'], 'timetable': ['00:00 - 01:09', '08:33 - 09:43', '13:21 - 14:47', '16:09 - 16:38', '19:16 - 20:36']}, '827': {'route': ['2', '3', '6', '7'], 'free_carriage': ['36', '40', '6'], 'timetable': ['00:48 - 02:05', '09:29 - 10:50', '14:28 - 15:02', '16:08 - 17:06']}, '720': {'route': ['2', '4'], 'free_carriage': ['0'], 'timetable': ['00:36 - 00:59', '08:59 - 10:25']}, '764': {'route': ['2', '4'], 'free_carriage': ['31'], 'timetable': ['01:01 - 02:19', '10:19 - 10:59']}, '523': {'route': ['2', '4'], 'free_carriage': ['37'], 'timetable': ['01:56 - 03:13', '11:13 - 12:18']}, '200': {'route': ['3', '2', '4'], 'free_carriage': ['10', '39'], 'timetable': ['01:00 - 02:27', '09:51 - 10:15', '18:15 - 18:35']}, '739': {'route': ['3', '2', '4', '5'], 'free_carriage': ['20', '11', '29'], 'timetable': ['02:05 - 03:18', '10:42 - 11:26', '19:26 - 20:32', '22:42 - 23:48']}, '302': {'route': ['4', '2'], 'free_carriage': ['14'], 'timetable': ['01:00 - 02:25', '10:25 - 11:44']}, '767': {'route': ['4', '2'], 'free_carriage': ['31'], 'timetable': ['02:06 - 03:16', '11:16 - 11:43']}, '947': {'route': ['4', '2'], 'free_carriage': ['39'], 'timetable': ['02:09 - 03:18', '11:18 - 12:22']}, '257': {'route': ['4', '2', '3'], 'free_carriage': ['18', '16'], 'timetable': ['02:52 - 03:22', '11:22 - 12:08', '19:32 - 20:37']}, '875': {'route': ['4', '2', '3'], 'free_carriage': ['33', '36'], 'timetable': ['02:16 - 03:12', '11:12 - 12:35', '19:59 - 20:56']}, '444': {'route': ['4', '5'], 'free_carriage': ['34'], 'timetable': ['01:53 - 02:55', '05:05 - 05:21']}, '279': {'route': ['4', '5', '6', '3', '1'], 'free_carriage': ['2', '5', '19', '24'], 'timetable': ['02:58 - 04:10', '06:20 - 06:47', '08:09 - 08:56', '12:34 - 13:50', '16:00 - 16:47']}, '311': {'route': ['4', '5', '6', '7'], 'free_carriage': ['2', '17', '25'], 'timetable': ['02:11 - 02:56', '05:06 - 06:09', '07:31 - 07:53', '08:59 - 10:10']}, '336': {'route': ['4', '5', '7'], 'free_carriage': ['22', '1'], 'timetable': ['01:56 - 03:11', '05:21 - 06:24', '09:02 - 09:47']}, '435': {'route': ['5', '4', '2', '3'], 'free_carriage': ['17', '14', '11'], 'timetable': ['02:00 - 02:28', '04:38 - 05:48', '13:48 - 15:08', '22:32 - 23:29']}, '172': {'route': ['5', '4', '2', '3'], 'free_carriage': ['25', '22', '19'], 'timetable': ['03:29 - 04:10', '06:20 - 06:55', '14:55 - 15:55', '23:19 - 00:11']}, '684': {'route': ['5', '4', '2', '3', '1'], 'free_carriage': ['5', '24', '12', '34'], 'timetable': ['03:13 - 04:41', '06:51 - 07:31', '15:31 - 16:06', '23:30 - 00:00', '02:10 - 02:28']}, '388': {'route': ['5', '6', '3', '1'], 'free_carriage': ['16', '8', '38'], 'timetable': ['02:31 - 03:11', '04:33 - 05:22', '09:00 - 09:39', '11:49 - 12:18']}, '107': {'route': ['5', '6', '3', '2'], 'free_carriage': ['13', '1', '4'], 'timetable': ['02:54 - 03:16', '04:38 - 05:54', '09:32 - 09:47', '17:11 - 17:44']}, '426': {'route': ['7', '5'], 'free_carriage': ['32'], 'timetable': ['02:00 - 02:33', '05:11 - 06:04']}, '499': {'route': ['7', '5', '6', '3', '1'], 'free_carriage': ['13', '38', '39', '1'], 'timetable': ['03:32 - 03:57', '06:35 - 07:30', '08:52 - 10:04', '13:42 - 14:28', '16:38 - 17:19']}, '884': {'route': ['7', '5', '6', '3', '1'], 'free_carriage': ['21', '40', '22', '13'], 'timetable': ['03:19 - 03:44', '06:22 - 07:52', '09:14 - 10:28', '14:06 - 14:30', '16:40 - 17:15']}, '455': {'route': ['7', '5', '6', '3', '2'], 'free_carriage': ['11', '31', '22', '2'], 'timetable': ['03:22 - 04:33', '07:11 - 08:11', '09:33 - 10:03', '13:41 - 14:35', '21:59 - 22:37']}, '780': {'route': ['7', '6', '5'], 'free_carriage': ['10', '16'], 'timetable': ['02:30 - 03:04', '04:10 - 04:54', '06:16 - 07:37']}}"
"{'Златоуст (1)': ['0', '5', '4', '15', '22', '29', '15'], 'Кыштым (2)': ['5', '0', '22', '15', '4', '11', '26'], 'Миасс (3)': ['15', '13', '0', '39', '22', '8', '22'], 'Муслюмово (4)': ['11', '7', '15', '0', '27', '8', '5'], 'Челябинск (5)': ['23', '20', '39', '1', '0', '11', '26'], 'Полетаево (6)': ['28', '22', '20', '27', '33', '0', '32'], 'Еманжелинск (7)': ['22', '25', '19', '1', '20', '4', '0']}","{'148': {'route': ['1', '3', '2'], 'free_carriage': ['2', '19'], 'timetable': ['00:00 - 00:26', '02:36 - 03:48', '11:12 - 11:53']}, '179': {'route': ['1', '3', '6', '5'], 'free_carriage': ['0', '7', '40'], 'timetable': ['01:45 - 02:40', '04:50 - 06:09', '09:47 - 11:14', '12:36 - 13:43']}, '451': {'route': ['1', '3', '6', '5', '4'], 'free_carriage': ['26', '23', '13', '31'], 'timetable': ['01:59 - 02:39', '04:49 - 06:01', '09:39 - 11:06', '12:28 - 13:23', '15:33 - 16:49']}, '804': {'route': ['1', '3', '6', '5', '7'], 'free_carriage': ['17', '39', '26', '20'], 'timetable': ['00:54 - 02:14', '04:24 - 05:06', '08:44 - 09:22', '10:44 - 11:27', '14:05 - 14:46']}, '376': {'route': ['1', '3', '6', '7'], 'free_carriage': ['5', '39', '31'], 'timetable': ['01:53 - 02:19', '04:29 - 04:47', '08:25 - 09:53', '10:59 - 12:26']}, '318': {'route': ['1', '3', '6', '7'], 'free_carriage': ['31', '7', '2'], 'timetable': ['01:05 - 02:30', '04:40 - 05:07', '08:45 - 09:52', '10:58 - 11:27']}, '916': {'route': ['2', '3', '1'], 'free_carriage': ['4', '38'], 'timetable': ['01:00 - 01:17', '08:41 - 08:56', '11:06 - 11:27']}, '262': {'route': ['2', '3', '1'], 'free_carriage': ['16', '34'], 'timetable': ['02:51 - 03:08', '10:32 - 12:01', '14:11 - 15:23']}, '484': {'route': ['2', '3', '1'], 'free_carriage': ['24', '38'], 'timetable': ['02:31 - 03:35', '10:59 - 11:50', '14:00 - 14:47']}, '986': {'route': ['2', '3', '6', '5', '7'], 'free_carriage': ['30', '30', '40', '19'], 'timetable': ['02:18 - 02:40', '10:04 - 11:04', '14:42 - 15:57', '17:19 - 18:21', '20:59 - 21:40']}, '430': {'route': ['2', '3', '6', '5', '7'], 'free_carriage': ['39', '28', '11', '6'], 'timetable': ['01:32 - 02:29', '09:53 - 10:43', '14:21 - 14:37', '15:59 - 17:16', '19:54 - 21:09']}, '528': {'route': ['2', '4'], 'free_carriage': ['16'], 'timetable': ['01:41 - 02:28', '10:28 - 11:42']}, '699': {'route': ['3', '2', '4', '5'], 'free_carriage': ['40', '1', '24'], 'timetable': ['00:53 - 01:09', '02:15 - 02:34', '03:56 - 04:15', '06:25 - 06:51']}, '264': {'route': ['4', '5'], 'free_carriage': ['17'], 'timetable': ['00:00 - 01:22', '03:32 - 03:48']}, '317': {'route': ['4', '5'], 'free_carriage': ['31'], 'timetable': ['00:55 - 02:04', '04:14 - 05:27']}, '280': {'route': ['4', '5'], 'free_carriage': ['36'], 'timetable': ['01:07 - 01:59', '04:09 - 04:47']}, '456': {'route': ['4', '5', '6', '3', '1'], 'free_carriage': ['13', '36', '32', '38'], 'timetable': ['01:53 - 03:01', '05:11 - 05:34', '06:56 - 07:44', '11:22 - 11:49', '13:59 - 14:34']}, '711': {'route': ['4', '5', '7'], 'free_carriage': ['2', '37'], 'timetable': ['01:46 - 02:39', '04:49 - 06:08', '08:46 - 09:34']}, '147': {'route': ['4', '5', '7'], 'free_carriage': ['7', '34'], 'timetable': ['01:19 - 01:51', '04:01 - 04:37', '07:15 - 08:39']}, '271': {'route': ['5', '4'], 'free_carriage': ['38'], 'timetable': ['00:00 - 01:19', '03:29 - 04:01']}, '784': {'route': ['5', '4', '2', '3'], 'free_carriage': ['31', '30', '35'], 'timetable': ['00:41 - 01:39', '03:49 - 05:19', '13:19 - 13:43', '21:07 - 21:49']}, '303': {'route': ['5', '4', '2', '3'], 'free_carriage': ['40', '37', '26'], 'timetable': ['00:52 - 01:11', '03:21 - 04:25', '12:25 - 13:24', '20:48 - 21:30']}, '294': {'route': ['5', '4', '2', '3', '1'], 'free_carriage': ['33', '26', '2', '18'], 'timetable': ['01:37 - 02:14', '04:24 - 05:06', '13:06 - 14:16', '21:40 - 23:07', '01:17 - 02:14']}, '900': {'route': ['5', '6', '3', '1'], 'free_carriage': ['33', '11', '11'], 'timetable': ['01:06 - 01:38', '03:00 - 03:44', '07:22 - 08:32', '10:42 - 11:35']}, '472': {'route': ['5', '6', '3', '2'], 'free_carriage': ['20', '24', '0'], 'timetable': ['01:20 - 01:38', '03:00 - 03:25', '07:03 - 08:23', '15:47 - 16:04']}, '815': {'route': ['5', '6', '7'], 'free_carriage': ['12', '37'], 'timetable': ['00:40 - 01:16', '02:38 - 03:04', '04:10 - 05:24']}, '738': {'route': ['5', '6', '7'], 'free_carriage': ['32', '11'], 'timetable': ['01:48 - 02:54', '04:16 - 05:10', '06:16 - 06:56']}, '813': {'route': ['5', '7'], 'free_carriage': ['2'], 'timetable': ['01:13 - 01:47', '04:25 - 05:42']}, '289': {'route': ['5', '7'], 'free_carriage': ['21'], 'timetable': ['01:25 - 02:13', '04:51 - 05:20']}, '131': {'route': ['7', '5'], 'free_carriage': ['2'], 'timetable': ['00:00 - 01:14', '03:52 - 04:13']}, '268': {'route': ['7', '5', '4'], 'free_carriage': ['7', '6'], 'timetable': ['01:02 - 01:22', '04:00 - 04:45', '06:55 - 07:37']}, '133': {'route': ['7', '5', '4'], 'free_carriage': ['17', '14'], 'timetable': ['00:33 - 01:09', '03:47 - 04:45', '06:55 - 07:57']}, '863': {'route': ['7', '5', '4'], 'free_carriage': ['21', '20'], 'timetable': ['00:57 - 01:26', '04:04 - 05:00', '07:10 - 08:14']}, '734': {'route': ['7', '5', '6', '3', '2'], 'free_carriage': ['2', '22', '20', '4'], 'timetable': ['01:56 - 02:25', '05:03 - 05:36', '06:58 - 08:00', '11:38 - 12:50', '20:14 - 21:24']}, '412': {'route': ['7', '6', '3', '1'], 'free_carriage': ['7', '1', '24'], 'timetable': ['00:32 - 01:15', '02:21 - 03:20', '06:58 - 07:41', '09:51 - 10:51']}, '228': {'route': ['7', '6', '3', '1'], 'free_carriage': ['12', '29', '19'], 'timetable': ['00:41 - 01:29', '02:35 - 02:51', '06:29 - 06:58', '09:08 - 09:33']}, '584': {'route': ['7', '6', '5', '4'], 'free_carriage': ['28', '7', '13'], 'timetable': ['01:30 - 02:58', '04:04 - 04:21', '05:43 - 06:04', '08:14 - 09:34']}}"
"{'Златоуст (1)': ['0', '28', '23', '24', '8', '31', '21'], 'Кыштым (2)': ['6', '0', '5', '23', '17', '5', '23'], 'Миасс (3)': ['38', '31', '0', '0', '8', '36', '35'], 'Муслюмово (4)': ['32', '35', '19', '0', '11', '10', '3'], 'Челябинск (5)': ['34', '15', '22', '30', '0', '38', '2'], 'Полетаево (6)': ['37', '0', '19', '5', '6', '0', '15'], 'Еманжелинск (7)': ['36', '15', '27', '38', '7', '23', '0']}","{'762': {'route': ['1', '3', '6', '5'], 'free_carriage': ['28', '7', '27'], 'timetable': ['01:00 - 02:02', '04:12 - 05:39', '09:17 - 09:36', '10:58 - 12:15']}, '651': {'route': ['1', '3', '6', '5'], 'free_carriage': ['34', '1', '26'], 'timetable': ['02:11 - 02:54', '05:04 - 05:46', '09:24 - 10:45', '12:07 - 13:07']}, '614': {'route': ['1', '3', '6', '5', '7'], 'free_carriage': ['19', '7', '33', '18'], 'timetable': ['01:54 - 03:13', '05:23 - 06:42', '10:20 - 11:23', '12:45 - 13:23', '16:01 - 16:27']}, '484': {'route': ['1', '3', '6', '7'], 'free_carriage': ['22', '30', '8'], 'timetable': ['02:55 - 04:10', '06:20 - 06:38', '10:16 - 10:36', '11:42 - 12:35']}, '752': {'route': ['1', '3', '6', '7'], 'free_carriage': ['27', '6', '32'], 'timetable': ['02:21 - 03:14', '05:24 - 06:01', '09:39 - 10:02', '11:08 - 12:22']}, '963': {'route': ['2', '3', '1'], 'free_carriage': ['7', '28'], 'timetable': ['00:00 - 01:18', '08:42 - 09:38', '11:48 - 12:04']}, '188': {'route': ['2', '3', '1'], 'free_carriage': ['18', '38'], 'timetable': ['01:40 - 02:52', '10:16 - 11:06', '13:16 - 13:44']}, '352': {'route': ['2', '3', '1'], 'free_carriage': ['25', '15'], 'timetable': ['01:54 - 02:41', '10:05 - 10:51', '13:01 - 13:45']}, '847': {'route': ['2', '3', '6', '5'], 'free_carriage': ['32', '18', '33'], 'timetable': ['01:30 - 02:18', '09:42 - 10:22', '14:00 - 14:55', '16:17 - 17:23']}, '642': {'route': ['2', '3', '6', '5'], 'free_carriage': ['39', '5', '6'], 'timetable': ['00:57 - 02:06', '09:30 - 09:47', '13:25 - 13:50', '15:12 - 15:39']}, '640': {'route': ['2', '3', '6', '5', '7'], 'free_carriage': ['26', '3', '5', '4'], 'timetable': ['01:05 - 01:38', '09:02 - 09:41', '13:19 - 13:40', '15:02 - 15:22', '18:00 - 18:35']}, '464': {'route': ['2', '4'], 'free_carriage': ['38'], 'timetable': ['01:46 - 03:15', '11:15 - 11:56']}, '348': {'route': ['4', '2'], 'free_carriage': ['1'], 'timetable': ['02:00 - 02:53', '10:53 - 12:16']}, '790': {'route': ['4', '2'], 'free_carriage': ['20'], 'timetable': ['02:39 - 03:39', '11:39 - 12:01']}, '795': {'route': ['4', '2'], 'free_carriage': ['21'], 'timetable': ['03:51 - 04:43', '12:43 - 13:15']}, '628': {'route': ['4', '2', '3'], 'free_carriage': ['0', '1'], 'timetable': ['02:30 - 03:05', '11:05 - 11:43', '19:07 - 19:49']}, '177': {'route': ['4', '2', '3'], 'free_carriage': ['19', '34'], 'timetable': ['02:47 - 03:59', '11:59 - 13:23', '20:47 - 21:32']}, '133': {'route': ['4', '5'], 'free_carriage': ['27'], 'timetable': ['03:33 - 04:38', '06:48 - 07:03']}, '223': {'route': ['4', '5', '6', '7'], 'free_carriage': ['23', '27', '20'], 'timetable': ['02:45 - 03:36', '05:46 - 06:38', '08:00 - 08:42', '09:48 - 10:27']}, '932': {'route': ['4', '5', '7'], 'free_carriage': ['25', '12'], 'timetable': ['03:44 - 05:04', '07:14 - 07:29', '10:07 - 10:25']}, '895': {'route': ['4', '5', '7'], 'free_carriage': ['32', '16'], 'timetable': ['02:48 - 04:13', '06:23 - 06:54', '09:32 - 11:01']}, '663': {'route': ['4', '5', '7'], 'free_carriage': ['33', '28'], 'timetable': ['03:50 - 04:05', '06:15 - 06:31', '09:09 - 09:39']}, '775': {'route': ['5', '4', '2', '3', '1'], 'free_carriage': ['38', '2', '40', '27'], 'timetable': ['01:00 - 01:37', '03:47 - 04:34', '12:34 - 13:17', '20:41 - 21:08', '23:18 - 00:41']}, '381': {'route': ['5', '6', '3', '1'], 'free_carriage': ['1', '33', '5'], 'timetable': ['02:16 - 02:38', '04:00 - 05:13', '08:51 - 09:38', '11:48 - 12:03']}, '182': {'route': ['5', '6', '3', '1'], 'free_carriage': ['22', '2', '5'], 'timetable': ['02:09 - 02:40', '04:02 - 04:57', '08:35 - 09:44', '11:54 - 12:32']}, '832': {'route': ['5', '6', '3', '1'], 'free_carriage': ['28', '9', '2'], 'timetable': ['01:37 - 02:35', '03:57 - 04:38', '08:16 - 09:34', '11:44 - 12:27']}, '143': {'route': ['5', '6', '3', '2'], 'free_carriage': ['30', '9', '15'], 'timetable': ['02:52 - 03:12', '04:34 - 06:02', '09:40 - 10:02', '17:26 - 17:56']}, '467': {'route': ['5', '6', '3', '2'], 'free_carriage': ['38', '10', '2'], 'timetable': ['01:48 - 02:18', '03:40 - 04:00', '07:38 - 08:46', '16:10 - 17:04']}, '810': {'route': ['5', '6', '7'], 'free_carriage': ['37', '13'], 'timetable': ['02:43 - 03:10', '04:32 - 05:17', '06:23 - 06:53']}, '272': {'route': ['5', '7'], 'free_carriage': ['14'], 'timetable': ['02:39 - 03:05', '05:43 - 06:53']}, '715': {'route': ['7', '5'], 'free_carriage': ['16'], 'timetable': ['01:00 - 01:18', '03:56 - 05:12']}, '812': {'route': ['7', '5'], 'free_carriage': ['24'], 'timetable': ['02:54 - 03:38', '06:16 - 07:33']}, '602': {'route': ['7', '5', '6', '3', '1'], 'free_carriage': ['11', '37', '4', '17'], 'timetable': ['02:03 - 03:16', '05:54 - 06:58', '08:20 - 08:44', '12:22 - 13:31', '15:41 - 16:57']}, '425': {'route': ['7', '5', '6', '3', '1'], 'free_carriage': ['23', '34', '33', '13'], 'timetable': ['02:25 - 03:03', '05:41 - 06:12', '07:34 - 08:28', '12:06 - 13:29', '15:39 - 17:01']}, '542': {'route': ['7', '5', '6', '3', '2'], 'free_carriage': ['10', '3', '21', '34'], 'timetable': ['02:06 - 03:22', '06:00 - 06:20', '07:42 - 08:40', '12:18 - 13:37', '21:01 - 21:56']}, '163': {'route': ['7', '5', '6', '3', '2'], 'free_carriage': ['35', '1', '36', '2'], 'timetable': ['02:32 - 03:20', '05:58 - 06:15', '07:37 - 08:05', '11:43 - 12:10', '19:34 - 20:26']}, '607': {'route': ['7', '6', '3', '1'], 'free_carriage': ['23', '32', '38'], 'timetable': ['01:47 - 02:16', '03:22 - 03:55', '07:33 - 07:59', '10:09 - 11:18']}, '606': {'route': ['7', '6', '5', '4'], 'free_carriage': ['38', '8', '7'], 'timetable': ['02:05 - 03:15', '04:21 - 05:49', '07:11 - 07:28', '09:38 - 11:02']}}"
"{'Златоуст (1)': ['0', '29', '30', '12', '34', '20', '10'], 'Кыштым (2)': ['1', '0', '1', '39', '13', '7', '22'], 'Миасс (3)': ['34', '27', '0', '9', '25', '38', '5'], 'Муслюмово (4)': ['34', '5', '21', '0', '39', '22', '33'], 'Челябинск (5)': ['39', '34', '33', '0', '0', '13', '36'], 'Полетаево (6)': ['28', '19', '37', '22', '15', '0', '2'], 'Еманжелинск (7)': ['16', '20', '36', '33', '2', '9', '0']}","{'708': {'route': ['1', '3', '2'], 'free_carriage': ['6', '32'], 'timetable': ['02:00 - 03:19', '05:29 - 06:10', '13:34 - 14:24']}, '703': {'route': ['1', '3', '6', '5', '4'], 'free_carriage': ['6', '35', '18', '34'], 'timetable': ['02:59 - 04:24', '06:34 - 06:52', '10:30 - 11:44', '13:06 - 14:27', '16:37 - 18:02']}, '687': {'route': ['1', '3', '6', '5', '4'], 'free_carriage': ['14', '13', '17', '29'], 'timetable': ['03:11 - 03:59', '06:09 - 06:39', '10:17 - 11:30', '12:52 - 14:16', '16:26 - 16:58']}, '853': {'route': ['1', '3', '6', '5', '4'], 'free_carriage': ['20', '36', '9', '4'], 'timetable': ['02:58 - 04:12', '06:22 - 07:21', '10:59 - 11:19', '12:41 - 14:10', '16:20 - 16:48']}, '571': {'route': ['1', '3', '6', '7'], 'free_carriage': ['3', '25', '16'], 'timetable': ['03:45 - 04:57', '07:07 - 08:28', '12:06 - 12:55', '14:01 - 15:18']}, '128': {'route': ['2', '3', '1'], 'free_carriage': ['4', '10'], 'timetable': ['02:00 - 03:03', '10:27 - 11:18', '13:28 - 14:00']}, '786': {'route': ['2', '3', '1'], 'free_carriage': ['4', '36'], 'timetable': ['02:39 - 03:36', '11:00 - 12:21', '14:31 - 15:02']}, '510': {'route': ['2', '3', '6', '5', '7'], 'free_carriage': ['30', '15', '38', '28'], 'timetable': ['03:04 - 03:26', '10:50 - 11:24', '15:02 - 15:52', '17:14 - 18:14', '20:52 - 21:40']}, '446': {'route': ['2', '3', '6', '5', '7'], 'free_carriage': ['34', '6', '16', '23'], 'timetable': ['03:16 - 03:56', '11:20 - 12:29', '16:07 - 17:10', '18:32 - 19:40', '22:18 - 23:32']}, '311': {'route': ['2', '3', '6', '7'], 'free_carriage': ['22', '39', '15'], 'timetable': ['03:06 - 03:37', '11:01 - 11:25', '15:03 - 16:28', '17:34 - 19:02']}, '309': {'route': ['2', '3', '6', '7'], 'free_carriage': ['31', '29', '24'], 'timetable': ['03:13 - 04:25', '11:49 - 12:09', '15:47 - 16:07', '17:13 - 18:18']}, '696': {'route': ['2', '4'], 'free_carriage': ['14'], 'timetable': ['03:16 - 04:06', '12:06 - 13:34']}, '161': {'route': ['2', '4'], 'free_carriage': ['25'], 'timetable': ['03:14 - 03:37', '11:37 - 12:31']}, '534': {'route': ['3', '2', '4', '5'], 'free_carriage': ['24', '33', '14'], 'timetable': ['01:00 - 01:29', '08:53 - 10:13', '18:13 - 19:40', '21:50 - 23:01']}, '990': {'route': ['4', '2'], 'free_carriage': ['2'], 'timetable': ['00:00 - 00:17', '08:17 - 09:07']}, '959': {'route': ['4', '2', '3'], 'free_carriage': ['27', '37'], 'timetable': ['01:47 - 02:20', '10:20 - 10:49', '18:13 - 18:59']}, '780': {'route': ['4', '5'], 'free_carriage': ['13'], 'timetable': ['02:26 - 02:53', '05:31 - 07:01']}, '740': {'route': ['4', '5'], 'free_carriage': ['31'], 'timetable': ['01:12 - 01:44', '03:54 - 04:21']}, '237': {'route': ['4', '5', '6', '7'], 'free_carriage': ['5', '20', '10'], 'timetable': ['01:09 - 02:25', '04:35 - 04:52', '06:14 - 07:17', '08:23 - 08:53']}, '217': {'route': ['4', '5', '6', '7'], 'free_carriage': ['22', '19', '34'], 'timetable': ['00:43 - 01:58', '04:08 - 05:15', '06:37 - 06:52', '07:58 - 08:39']}, '593': {'route': ['5', '4'], 'free_carriage': ['3'], 'timetable': ['01:00 - 02:14', '04:24 - 04:52']}, '884': {'route': ['5', '4'], 'free_carriage': ['17'], 'timetable': ['02:17 - 03:23', '05:33 - 06:55']}, '403': {'route': ['5', '4', '2', '3'], 'free_carriage': ['4', '36', '29'], 'timetable': ['02:29 - 03:30', '05:40 - 06:09', '14:09 - 14:45', '22:09 - 22:52']}, '948': {'route': ['5', '4', '2', '3'], 'free_carriage': ['26', '31', '40'], 'timetable': ['01:54 - 02:21', '04:31 - 05:20', '13:20 - 13:44', '21:08 - 22:08']}, '654': {'route': ['5', '4', '2', '3', '1'], 'free_carriage': ['0', '20', '7', '17'], 'timetable': ['01:51 - 02:22', '04:32 - 05:37', '13:37 - 13:58', '21:22 - 22:43', '00:53 - 02:02']}, '858': {'route': ['5', '4', '2', '3', '1'], 'free_carriage': ['9', '29', '8', '38'], 'timetable': ['01:54 - 02:20', '04:30 - 05:47', '13:47 - 14:02', '21:26 - 22:53', '01:03 - 01:28']}, '992': {'route': ['5', '6', '3', '1'], 'free_carriage': ['31', '32', '3'], 'timetable': ['02:24 - 02:50', '04:12 - 05:40', '09:18 - 09:41', '11:51 - 13:08']}, '470': {'route': ['5', '6', '3', '2'], 'free_carriage': ['13', '7', '36'], 'timetable': ['02:36 - 04:00', '05:22 - 05:47', '09:25 - 09:42', '17:06 - 18:10']}, '295': {'route': ['5', '6', '3', '2'], 'free_carriage': ['15', '35', '21'], 'timetable': ['02:56 - 03:20', '04:42 - 05:24', '09:02 - 09:44', '17:08 - 18:37']}, '869': {'route': ['5', '6', '3', '2'], 'free_carriage': ['30', '11', '22'], 'timetable': ['02:56 - 03:53', '05:15 - 06:02', '09:40 - 10:00', '17:24 - 18:14']}, '168': {'route': ['5', '6', '7'], 'free_carriage': ['23', '4'], 'timetable': ['01:33 - 02:09', '03:31 - 04:02', '05:08 - 06:37']}, '260': {'route': ['5', '6', '7'], 'free_carriage': ['33', '16'], 'timetable': ['02:50 - 03:10', '04:32 - 04:56', '06:02 - 06:51']}, '847': {'route': ['7', '5'], 'free_carriage': ['4'], 'timetable': ['00:00 - 01:16', '03:54 - 05:02']}, '525': {'route': ['7', '5'], 'free_carriage': ['26'], 'timetable': ['00:49 - 01:22', '04:00 - 04:21']}, '392': {'route': ['7', '5', '4'], 'free_carriage': ['33', '19'], 'timetable': ['00:40 - 01:13', '03:51 - 04:53', '07:03 - 08:10']}, '258': {'route': ['7', '5', '6', '3', '1'], 'free_carriage': ['27', '9', '1', '1'], 'timetable': ['01:32 - 02:48', '05:26 - 05:46', '07:08 - 08:35', '12:13 - 12:39', '14:49 - 15:42']}, '741': {'route': ['7', '5', '6', '3', '1'], 'free_carriage': ['34', '0', '3', '9'], 'timetable': ['00:39 - 02:05', '04:43 - 05:54', '07:16 - 07:52', '11:30 - 11:54', '14:04 - 15:27']}, '683': {'route': ['7', '5', '6', '3', '1'], 'free_carriage': ['35', '1', '30', '7'], 'timetable': ['00:51 - 02:19', '04:57 - 06:04', '07:26 - 08:46', '12:24 - 13:09', '15:19 - 15:56']}, '529': {'route': ['7', '6', '3', '1'], 'free_carriage': ['39', '8', '32'], 'timetable': ['00:41 - 01:51', '02:57 - 03:55', '07:33 - 08:31', '10:41 - 12:03']}, '547': {'route': ['7', '6', '5'], 'free_carriage': ['3', '26'], 'timetable': ['00:57 - 02:19', '03:25 - 04:44', '06:06 - 06:23']}, '812': {'route': ['7', '6', '5'], 'free_carriage': ['19', '38'], 'timetable': ['00:43 - 01:58', '03:04 - 03:46', '05:08 - 06:10']}, '710': {'route': ['7', '6', '5'], 'free_carriage': ['28', '40'], 'timetable': ['00:31 - 01:37', '02:43 - 03:35', '04:57 - 05:55']}, '653': {'route': ['7', '6', '5', '4'], 'free_carriage': ['32', '8', '11'], 'timetable': ['01:13 - 01:35', '02:41 - 03:41', '05:03 - 06:18', '08:28 - 08:43']}}"
"{'Златоуст (1)': ['0', '27', '15', '24', '3', '22', '4'], 'Кыштым (2)': ['12', '0', '33', '4', '30', '3', '19'], 'Миасс (3)': ['19', '1', '0', '28', '25', '7', '6'], 'Муслюмово (4)': ['11', '16', '28', '0', '39', '32', '3'], 'Челябинск (5)': ['35', '30', '9', '26', '0', '23', '21'], 'Полетаево (6)': ['2', '28', '38', '5', '37', '0', '25'], 'Еманжелинск (7)': ['23', '30', '3', '26', '32', '1', '0']}","{'322': {'route': ['1', '3', '6', '5'], 'free_carriage': ['21', '13', '29'], 'timetable': ['01:00 - 02:06', '04:16 - 05:07', '08:45 - 09:48', '11:10 - 11:53']}, '592': {'route': ['1', '3', '6', '5', '4'], 'free_carriage': ['20', '12', '24', '1'], 'timetable': ['02:51 - 03:14', '05:24 - 06:06', '09:44 - 10:05', '11:27 - 11:46', '13:56 - 14:46']}, '734': {'route': ['2', '3', '1'], 'free_carriage': ['16', '3'], 'timetable': ['02:00 - 03:04', '10:28 - 11:28', '13:38 - 13:53']}, '649': {'route': ['2', '4'], 'free_carriage': ['23'], 'timetable': ['03:14 - 03:44', '11:44 - 12:26']}, '933': {'route': ['3', '2', '4', '5'], 'free_carriage': ['16', '8', '23'], 'timetable': ['02:00 - 02:18', '09:42 - 10:43', '18:43 - 19:51', '22:01 - 22:24']}, '857': {'route': ['4', '5'], 'free_carriage': ['8'], 'timetable': ['00:00 - 00:40', '02:50 - 03:52']}, '870': {'route': ['5', '4', '2', '3', '1'], 'free_carriage': ['29', '0', '16', '11'], 'timetable': ['02:00 - 02:53', '05:03 - 05:52', '13:52 - 14:16', '21:40 - 22:37', '00:47 - 02:03']}, '977': {'route': ['5', '6', '3', '2'], 'free_carriage': ['5', '16', '9'], 'timetable': ['03:17 - 03:35', '04:57 - 05:20', '08:58 - 09:24', '16:48 - 18:00']}, '865': {'route': ['7', '5'], 'free_carriage': ['2'], 'timetable': ['02:00 - 02:58', '05:36 - 06:33']}, '197': {'route': ['7', '5'], 'free_carriage': ['19'], 'timetable': ['03:16 - 04:11', '06:49 - 07:06']}, '136': {'route': ['7', '5', '6', '3', '1'], 'free_carriage': ['27', '1', '15', '2'], 'timetable': ['02:46 - 03:07', '05:45 - 06:20', '07:42 - 08:24', '12:02 - 12:45', '14:55 - 15:38']}, '651': {'route': ['7', '6', '3', '1'], 'free_carriage': ['0', '9', '27'], 'timetable': ['02:33 - 03:45', '04:51 - 06:19', '09:57 - 10:37', '12:47 - 13:07']}, '381': {'route': ['7', '6', '5'], 'free_carriage': ['37', '12'], 'timetable': ['02:34 - 03:24', '04:30 - 05:06', '06:28 - 07:42']}, '938': {'route': ['7', '6', '5', '4'], 'free_carriage': ['0', '6', '18'], 'timetable': ['03:10 - 03:59', '05:05 - 05:57', '07:19 - 08:14', '10:24 - 11:30']}}"
"{'Златоуст (1)': ['0', '5', '22', '4', '26', '20', '31'], 'Кыштым (2)': ['28', '0', '2', '28', '8', '15', '10'], 'Миасс (3)': ['30', '38', '0', '2', '1', '29', '32'], 'Муслюмово (4)': ['1', '4', '22', '0', '16', '22', '35'], 'Челябинск (5)': ['11', '22', '5', '11', '0', '31', '0'], 'Полетаево (6)': ['28', '21', '14', '35', '3', '0', '28'], 'Еманжелинск (7)': ['26', '28', '34', '28', '23', '15', '0']}","{'918': {'route': ['1', '3', '6', '5', '4'], 'free_carriage': ['37', '0', '34', '4'], 'timetable': ['01:00 - 01:46', '09:10 - 09:35', '17:35 - 18:07']}, '663': {'route': ['1', '3', '6', '5', '4'], 'free_carriage': ['37', '6', '11', '23'], 'timetable': ['02:03 - 02:30', '04:40 - 05:19', '08:57 - 10:24', '11:46 - 12:43', '14:53 - 15:51']}, '256': {'route': ['1', '3', '6', '7'], 'free_carriage': ['36', '1', '21'], 'timetable': ['02:20 - 03:44', '05:54 - 06:50', '10:28 - 11:52', '12:58 - 13:17']}, '773': {'route': ['2', '3', '6', '7'], 'free_carriage': ['24', '23', '27'], 'timetable': ['02:00 - 03:16', '10:40 - 11:52', '15:30 - 16:18', '17:24 - 18:43']}, '660': {'route': ['4', '2'], 'free_carriage': ['19'], 'timetable': ['02:00 - 02:29', '10:29 - 10:58']}, '281': {'route': ['4', '2'], 'free_carriage': ['22'], 'timetable': ['03:53 - 04:10', '12:10 - 13:17']}, '331': {'route': ['4', '5'], 'free_carriage': ['25'], 'timetable': ['02:39 - 03:45', '05:55 - 06:17']}, '921': {'route': ['5', '6', '3', '2'], 'free_carriage': ['28', '24', '28'], 'timetable': ['00:00 - 01:09', '02:31 - 03:01', '06:39 - 06:55', '14:19 - 14:44']}, '631': {'route': ['5', '6', '7'], 'free_carriage': ['1', '27'], 'timetable': ['01:55 - 03:05', '04:27 - 05:26', '06:32 - 06:58']}, '529': {'route': ['7', '5'], 'free_carriage': ['21'], 'timetable': ['02:00 - 02:24', '05:02 - 06:06']}, '725': {'route': ['7', '5'], 'free_carriage': ['33'], 'timetable': ['03:53 - 04:16', '06:54 - 07:12']}, '346': {'route': ['7', '5', '4'], 'free_carriage': ['22', '28'], 'timetable': ['02:53 - 03:15', '05:53 - 06:35', '08:45 - 10:02']}, '441': {'route': ['7', '6', '3', '2'], 'free_carriage': ['12', '17', '38'], 'timetable': ['03:30 - 04:55', '06:01 - 06:45', '10:23 - 11:51', '19:15 - 20:24']}, '458': {'route': ['7', '6', '3', '2'], 'free_carriage': ['31', '11', '34'], 'timetable': ['02:50 - 03:23', '04:29 - 05:05', '08:43 - 09:14', '16:38 - 17:06']}, '593': {'route': ['7', '6', '5', '4'], 'free_carriage': ['33', '4', '20'], 'timetable': ['02:50 - 03:35', '04:41 - 05:04', '06:26 - 06:51', '09:01 - 09:24']}}"
"{'Златоуст (1)': ['0', '25', '22', '28', '11', '8', '21'], 'Кыштым (2)': ['32', '0', '0', '10', '20', '30', '21'], 'Миасс (3)': ['6', '2', '0', '19', '7', '7', '38'], 'Муслюмово (4)': ['34', '7', '7', '0', '39', '14', '23'], 'Челябинск (5)': ['19', '10', '20', '15', '0', '7', '39'], 'Полетаево (6)': ['19', '6', '13', '34', '15', '0', '29'], 'Еманжелинск (7)': ['16', '24', '23', '13', '33', '37', '0']}","{'697': {'route': ['1', '3', '6', '5'], 'free_carriage': ['9', '5', '11'], 'timetable': ['02:00 - 03:10', '05:20 - 06:37', '10:15 - 10:33', '11:55 - 12:12']}, '103': {'route': ['2', '3', '1'], 'free_carriage': ['1', '25'], 'timetable': ['01:00 - 01:31', '08:55 - 09:12', '11:22 - 12:30']}, '531': {'route': ['2', '3', '6', '5', '7'], 'free_carriage': ['1', '27', '34', '10'], 'timetable': ['01:47 - 02:47', '10:11 - 11:34', '15:12 - 16:20', '17:42 - 19:00', '21:38 - 22:34']}, '988': {'route': ['3', '2', '4', '5'], 'free_carriage': ['15', '35', '12'], 'timetable': ['01:00 - 01:17', '08:41 - 10:02', '18:02 - 19:19', '21:29 - 22:44']}, '318': {'route': ['4', '5', '6', '3', '1'], 'free_carriage': ['10', '12', '40', '37'], 'timetable': ['00:00 - 00:39', '02:49 - 03:46', '05:08 - 05:33', '09:11 - 09:34', '11:44 - 12:21']}, '929': {'route': ['5', '4', '2', '3', '1'], 'free_carriage': ['7', '24', '35', '3'], 'timetable': ['02:00 - 03:23', '05:33 - 06:46', '14:46 - 15:48', '23:12 - 23:57', '02:07 - 02:52']}, '554': {'route': ['5', '6', '3', '1'], 'free_carriage': ['36', '34', '11'], 'timetable': ['03:53 - 04:50', '06:12 - 07:30', '11:08 - 11:52', '14:02 - 14:32']}, '958': {'route': ['5', '6', '3', '2'], 'free_carriage': ['18', '10', '19'], 'timetable': ['03:39 - 05:05', '06:27 - 07:56', '11:34 - 12:21', '19:45 - 20:21']}, '332': {'route': ['5', '6', '7'], 'free_carriage': ['5', '8'], 'timetable': ['02:58 - 03:54', '05:16 - 06:21', '07:27 - 07:48']}, '683': {'route': ['7', '5', '4'], 'free_carriage': ['36', '15'], 'timetable': ['00:00 - 01:18', '03:56 - 04:29', '06:39 - 07:12']}, '286': {'route': ['7', '6', '3', '1'], 'free_carriage': ['26', '19', '34'], 'timetable': ['00:51 - 02:15', '03:21 - 03:54', '07:32 - 08:50', '11:00 - 12:19']}, '283': {'route': ['7', '6', '5', '4'], 'free_carriage': ['33', '14', '24'], 'timetable': ['01:43 - 03:11', '04:17 - 04:48', '06:10 - 06:48', '08:58 - 09:55']}}"
"{'Златоуст (1)': ['0', '24', '3', '22', '8', '38', '2'], 'Кыштым (2)': ['21', '0', '8', '27', '35', '3', '5'], 'Миасс (3)': ['36', '3', '0', '15', '13', '0', '0'], 'Муслюмово (4)': ['12', '3', '0', '0', '20', '2', '37'], 'Челябинск (5)': ['23', '6', '24', '31', '0', '32', '13'], 'Полетаево (6)': ['33', '37', '12', '18', '25', '0', '29'], 'Еманжелинск (7)': ['3', '29', '29', '39', '34', '35', '0']}","{'789': {'route': ['1', '3', '2'], 'free_carriage': ['7', '36'], 'timetable': ['02:00 - 03:25', '05:35 - 06:45', '14:09 - 14:53']}, '866': {'route': ['1', '3', '6', '5'], 'free_carriage': ['33', '2', '35'], 'timetable': ['03:36 - 04:56', '07:06 - 07:37', '11:15 - 11:52', '13:14 - 13:45']}, '439': {'route': ['1', '3', '6', '5', '4'], 'free_carriage': ['23', '40', '1', '5'], 'timetable': ['03:35 - 04:31', '06:41 - 07:10', '10:48 - 12:03', '13:25 - 13:55', '16:05 - 17:15']}, '186': {'route': ['1', '3', '6', '5', '7'], 'free_carriage': ['3', '36', '38', '10'], 'timetable': ['03:30 - 04:43', '06:53 - 07:28', '11:06 - 12:16', '13:38 - 13:53', '16:31 - 16:53']}, '595': {'route': ['1', '3', '6', '5', '7'], 'free_carriage': ['27', '25', '4', '29'], 'timetable': ['03:43 - 05:08', '07:18 - 08:44', '12:22 - 12:50', '14:12 - 15:13', '17:51 - 19:18']}, '491': {'route': ['2', '3', '1'], 'free_carriage': ['24', '1'], 'timetable': ['01:00 - 02:30', '09:54 - 10:37', '12:47 - 13:42']}, '142': {'route': ['2', '3', '6', '5'], 'free_carriage': ['18', '30', '38'], 'timetable': ['01:59 - 03:17', '10:41 - 11:47', '15:25 - 16:18', '17:40 - 18:42']}, '705': {'route': ['2', '3', '6', '5'], 'free_carriage': ['25', '14', '23'], 'timetable': ['01:44 - 02:28', '09:52 - 10:33', '14:11 - 14:59', '16:21 - 17:32']}, '857': {'route': ['2', '3', '6', '7'], 'free_carriage': ['39', '7', '11'], 'timetable': ['01:45 - 03:15', '10:39 - 11:54', '15:32 - 16:00', '17:06 - 18:10']}, '212': {'route': ['2', '4'], 'free_carriage': ['6'], 'timetable': ['01:49 - 02:54', '10:54 - 11:12']}, '172': {'route': ['2', '4'], 'free_carriage': ['12'], 'timetable': ['01:35 - 02:02', '10:02 - 10:42']}, '623': {'route': ['4', '2'], 'free_carriage': ['22'], 'timetable': ['01:00 - 01:23', '09:23 - 10:07']}, '620': {'route': ['4', '2'], 'free_carriage': ['36'], 'timetable': ['02:50 - 03:16', '11:16 - 12:35']}, '308': {'route': ['4', '2'], 'free_carriage': ['36'], 'timetable': ['02:59 - 03:36', '11:36 - 12:42']}, '828': {'route': ['4', '2', '3'], 'free_carriage': ['15', '16'], 'timetable': ['02:52 - 04:04', '12:04 - 12:37', '20:01 - 20:54']}, '944': {'route': ['4', '2', '3'], 'free_carriage': ['24', '25'], 'timetable': ['02:16 - 03:32', '11:32 - 11:49', '19:13 - 20:22']}, '794': {'route': ['4', '5', '6', '3', '1'], 'free_carriage': ['39', '32', '15', '12'], 'timetable': ['02:13 - 03:20', '05:30 - 05:54', '07:16 - 07:51', '11:29 - 12:05', '14:15 - 15:20']}, '232': {'route': ['4', '5', '6', '7'], 'free_carriage': ['12', '38', '4'], 'timetable': ['02:23 - 03:42', '05:52 - 06:52', '08:14 - 09:39', '10:45 - 11:32']}, '336': {'route': ['4', '5', '6', '7'], 'free_carriage': ['26', '1', '3'], 'timetable': ['01:55 - 03:13', '05:23 - 06:09', '07:31 - 08:04', '09:10 - 10:17']}, '706': {'route': ['4', '5', '7'], 'free_carriage': ['18', '16'], 'timetable': ['02:17 - 02:59', '05:09 - 05:45', '08:23 - 08:39']}, '735': {'route': ['4', '5', '7'], 'free_carriage': ['39', '4'], 'timetable': ['01:36 - 02:11', '04:21 - 05:02', '07:40 - 08:20']}, '685': {'route': ['5', '4', '2', '3'], 'free_carriage': ['18', '33', '22'], 'timetable': ['01:00 - 01:18', '03:28 - 03:55', '11:55 - 12:14', '19:38 - 20:25']}, '456': {'route': ['5', '4', '2', '3', '1'], 'free_carriage': ['5', '19', '2', '31'], 'timetable': ['02:56 - 03:47', '05:57 - 07:17', '15:17 - 16:02', '23:26 - 00:21', '02:31 - 03:50']}, '404': {'route': ['5', '4', '2', '3', '1'], 'free_carriage': ['36', '19', '35', '0'], 'timetable': ['01:46 - 02:17', '04:27 - 05:47', '13:47 - 14:52', '22:16 - 23:36', '01:46 - 02:31']}, '380': {'route': ['5', '6', '3', '2'], 'free_carriage': ['6', '24', '29'], 'timetable': ['01:39 - 02:15', '03:37 - 04:29', '08:07 - 09:06', '16:30 - 17:49']}, '686': {'route': ['5', '6', '3', '2'], 'free_carriage': ['25', '38', '20'], 'timetable': ['01:33 - 01:58', '03:20 - 04:38', '08:16 - 09:39', '17:03 - 18:09']}, '285': {'route': ['5', '6', '7'], 'free_carriage': ['24', '36'], 'timetable': ['01:36 - 02:11', '03:33 - 04:07', '05:13 - 06:26']}, '473': {'route': ['5', '7'], 'free_carriage': ['24'], 'timetable': ['01:46 - 02:58', '05:36 - 06:19']}, '742': {'route': ['7', '5'], 'free_carriage': ['11'], 'timetable': ['00:00 - 01:08', '03:46 - 04:05']}, '128': {'route': ['7', '5'], 'free_carriage': ['18'], 'timetable': ['00:39 - 01:20', '03:58 - 04:46']}, '984': {'route': ['7', '5', '4'], 'free_carriage': ['15', '13'], 'timetable': ['01:20 - 02:16', '04:54 - 05:43', '07:53 - 08:15']}, '199': {'route': ['7', '5', '4'], 'free_carriage': ['38', '24'], 'timetable': ['01:20 - 02:23', '05:01 - 05:34', '07:44 - 08:08']}, '952': {'route': ['7', '5', '6', '3', '1'], 'free_carriage': ['32', '4', '35', '38'], 'timetable': ['01:12 - 02:39', '05:17 - 06:07', '07:29 - 08:27', '12:05 - 13:19', '15:29 - 16:03']}, '506': {'route': ['7', '6', '3', '1'], 'free_carriage': ['0', '3', '8'], 'timetable': ['01:27 - 02:22', '03:28 - 04:00', '07:38 - 08:39', '10:49 - 12:01']}, '468': {'route': ['7', '6', '3', '2'], 'free_carriage': ['12', '16', '33'], 'timetable': ['00:55 - 01:55', '03:01 - 03:16', '06:54 - 07:45', '15:09 - 16:27']}, '351': {'route': ['7', '6', '3', '2'], 'free_carriage': ['12', '25', '29'], 'timetable': ['01:40 - 02:12', '03:18 - 04:41', '08:19 - 08:38', '16:02 - 16:51']}}"
"{'Златоуст (1)': ['0', '20', '9', '36', '1', '39', '32'], 'Кыштым (2)': ['38', '0', '24', '31', '4', '25', '31'], 'Миасс (3)': ['15', '12', '0', '1', '6', '17', '29'], 'Муслюмово (4)': ['27', '10', '5', '0', '28', '15', '34'], 'Челябинск (5)': ['16', '15', '27', '39', '0', '34', '20'], 'Полетаево (6)': ['13', '25', '12', '5', '25', '0', '32'], 'Еманжелинск (7)': ['3', '9', '9', '11', '20', '24', '0']}","{'645': {'route': ['1', '3', '6', '5', '7'], 'free_carriage': ['1', '23', '18', '21'], 'timetable': ['01:00 - 02:24', '04:34 - 05:49', '09:27 - 10:50', '12:12 - 13:22', '16:00 - 17:23']}, '864': {'route': ['3', '2', '4'], 'free_carriage': ['8', '5'], 'timetable': ['02:00 - 02:38', '10:02 - 10:54', '18:54 - 19:30']}, '761': {'route': ['3', '2', '4'], 'free_carriage': ['39', '5'], 'timetable': ['03:25 - 03:46', '11:10 - 11:44', '19:44 - 21:12']}, '348': {'route': ['4', '5'], 'free_carriage': ['10'], 'timetable': ['02:00 - 03:12', '05:22 - 06:04']}, '711': {'route': ['5', '4', '2', '3'], 'free_carriage': ['13', '11', '5'], 'timetable': ['02:00 - 03:05', '05:15 - 06:03', '14:03 - 14:23', '21:47 - 22:24']}, '632': {'route': ['5', '7'], 'free_carriage': ['10'], 'timetable': ['03:16 - 03:37', '06:15 - 07:14']}, '702': {'route': ['5', '7'], 'free_carriage': ['38'], 'timetable': ['02:45 - 03:24', '06:02 - 06:20']}, '658': {'route': ['7', '5', '4'], 'free_carriage': ['23', '11'], 'timetable': ['00:00 - 00:51', '03:29 - 04:22', '06:32 - 07:29']}, '941': {'route': ['7', '6', '5', '4'], 'free_carriage': ['31', '9', '36'], 'timetable': ['01:55 - 02:12', '03:18 - 04:10', '05:32 - 05:57', '08:07 - 09:35']}}"
